city,quarter_key,property_type,sales_transactions,market_value,avg_price_m2,rental_contracts,avg_rent,year,quarter,region_ar,region_en,population
Abha,2019Q1,Commercial,,,,10.0,479.1603463,2019,1,منطقة عسير,Aseer Region,422243
Abha,2019Q1,Residential,,,,501.0,18998.0096191976,2019,1,منطقة عسير,Aseer Region,422243
Abha,2019Q2,Commercial,,,,10.0,666.1453288,2019,2,منطقة عسير,Aseer Region,422243
Abha,2019Q2,Residential,,,,561.0,20010.36705441889,2019,2,منطقة عسير,Aseer Region,422243
Abha,2019Q3,Commercial,,,,52.0,629.6505417307692,2019,3,منطقة عسير,Aseer Region,422243
Abha,2019Q3,Residential,3.0,1500000.0,,722.0,19258.57151479917,2019,3,منطقة عسير,Aseer Region,422243
Abha,2019Q4,Commercial,,,,61.0,794.3027407704918,2019,4,منطقة عسير,Aseer Region,422243
Abha,2019Q4,Residential,,,,725.0,18912.580944626206,2019,4,منطقة عسير,Aseer Region,422243
Abha,2020Q1,Commercial,,,,50.0,624.5086931000001,2020,1,منطقة عسير,Aseer Region,422243
Abha,2020Q1,Residential,4.0,2161250.0,,1202.0,17848.01239450749,2020,1,منطقة عسير,Aseer Region,422243
Abha,2020Q2,Commercial,,,,59.0,604.7707524915254,2020,2,منطقة عسير,Aseer Region,422243
Abha,2020Q2,Residential,7.0,3936844.0,2013.463378,1433.0,16618.30913987369,2020,2,منطقة عسير,Aseer Region,422243
Abha,2020Q3,Commercial,,,,297.0,593.8531935353535,2020,3,منطقة عسير,Aseer Region,422243
Abha,2020Q3,Residential,6.0,3038800.0,,2023.0,17346.703704790412,2020,3,منطقة عسير,Aseer Region,422243
Abha,2020Q4,Commercial,,,,661.0,591.8284000242057,2020,4,منطقة عسير,Aseer Region,422243
Abha,2020Q4,Residential,6.0,3248400.0,,1702.0,18185.92209916275,2020,4,منطقة عسير,Aseer Region,422243
Abha,2021Q1,Commercial,,,,405.0,615.4802898074073,2021,1,منطقة عسير,Aseer Region,422243
Abha,2021Q1,Residential,5.0,3456448.0,,1657.0,17879.474391380205,2021,1,منطقة عسير,Aseer Region,422243
Abha,2021Q2,Commercial,,,,257.0,580.8080842490272,2021,2,منطقة عسير,Aseer Region,422243
Abha,2021Q2,Residential,3.0,1920000.0,,1133.0,18140.25283959135,2021,2,منطقة عسير,Aseer Region,422243
Abha,2021Q3,Commercial,,,,592.0,759.0198640506757,2021,3,منطقة عسير,Aseer Region,422243
Abha,2021Q3,Residential,8.0,4467237.0,,2032.0,18743.961375671755,2021,3,منطقة عسير,Aseer Region,422243
Abha,2021Q4,Commercial,,,,789.0,828.1437377642587,2021,4,منطقة عسير,Aseer Region,422243
Abha,2021Q4,Residential,2.0,1191781.0,,2340.0,18151.4316090312,2021,4,منطقة عسير,Aseer Region,422243
Abha,2022Q1,Commercial,,,,939.0,737.4866800202343,2022,1,منطقة عسير,Aseer Region,422243
Abha,2022Q1,Residential,5.0,2938016.0,,2660.0,17903.379487965412,2022,1,منطقة عسير,Aseer Region,422243
Abha,2022Q2,Commercial,56.0,44188193.2,988.7768735357143,972.0,640.4359229238682,2022,2,منطقة عسير,Aseer Region,422243
Abha,2022Q2,Residential,1151.0,888727369.69,1499.5264444995655,2753.0,18082.707588493646,2022,2,منطقة عسير,Aseer Region,422243
Abha,2022Q3,Commercial,103.0,172223389.67,903.490477893204,1154.0,721.3508314107452,2022,3,منطقة عسير,Aseer Region,422243
Abha,2022Q3,Residential,1173.0,1236207448.67,1495.490214251492,6639.0,16313.304770825425,2022,3,منطقة عسير,Aseer Region,422243
Abha,2022Q4,Commercial,57.0,82886429.5,725.7074435263157,1527.0,707.0556919345121,2022,4,منطقة عسير,Aseer Region,422243
Abha,2022Q4,Residential,842.0,619513306.25,1655.5334052719716,7147.0,15361.231377161606,2022,4,منطقة عسير,Aseer Region,422243
Abha,2023Q1,Commercial,73.0,86134962.9,1048.633435671233,1377.0,707.855014533769,2023,1,منطقة عسير,Aseer Region,422243
Abha,2023Q1,Residential,837.0,768518881.15,1344.6838942628433,7531.0,15160.799947044614,2023,1,منطقة عسير,Aseer Region,422243
Abha,2023Q2,Commercial,104.0,97289481.03,1100.147165653846,904.0,671.6479912588495,2023,2,منطقة عسير,Aseer Region,422243
Abha,2023Q2,Residential,952.0,635746462.31,1381.6881609380252,7510.0,15042.209482465778,2023,2,منطقة عسير,Aseer Region,422243
Abha,2023Q3,Commercial,149.0,121733719.38,1032.700675442953,1556.0,699.7101529781492,2023,3,منطقة عسير,Aseer Region,422243
Abha,2023Q3,Residential,1127.0,745487094.39,1232.9711740417035,9077.0,15694.353579800705,2023,3,منطقة عسير,Aseer Region,422243
Abha,2023Q4,Commercial,,,,1559.0,794.2976536516996,2023,4,منطقة عسير,Aseer Region,422243
Abha,2023Q4,Residential,,,,9342.0,15772.143128522051,2023,4,منطقة عسير,Aseer Region,422243
Abha,2024Q1,Commercial,,,,1587.0,760.4595005116572,2024,1,منطقة عسير,Aseer Region,422243
Abha,2024Q1,Residential,,,,7912.0,16991.808526957535,2024,1,منطقة عسير,Aseer Region,422243
Abha,2024Q2,Commercial,,,,1387.0,740.3704347974045,2024,2,منطقة عسير,Aseer Region,422243
Abha,2024Q2,Residential,,,,8533.0,17294.143662373135,2024,2,منطقة عسير,Aseer Region,422243
Abha,2024Q3,Commercial,,,,1608.0,703.564645688433,2024,3,منطقة عسير,Aseer Region,422243
Abha,2024Q3,Residential,,,,9687.0,17613.53482147125,2024,3,منطقة عسير,Aseer Region,422243
Abha,2024Q4,Commercial,,,,1842.0,778.1538886449512,2024,4,منطقة عسير,Aseer Region,422243
Abha,2024Q4,Residential,,,,8799.0,17519.285279753945,2024,4,منطقة عسير,Aseer Region,422243
Al Bahah,2019Q1,Residential,,,,176.0,16597.582909079545,2019,1,منطقة الباحة,Al Bahah Region,90515
Al Bahah,2019Q2,Residential,,,,196.0,16643.07915551531,2019,2,منطقة الباحة,Al Bahah Region,90515
Al Bahah,2019Q3,Commercial,,,,18.0,524.95964,2019,3,منطقة الباحة,Al Bahah Region,90515
Al Bahah,2019Q3,Residential,,,,212.0,16331.610878575473,2019,3,منطقة الباحة,Al Bahah Region,90515
Al Bahah,2019Q4,Commercial,,,,32.0,469.48401750000005,2019,4,منطقة الباحة,Al Bahah Region,90515
Al Bahah,2019Q4,Residential,,,,299.0,14688.642776638795,2019,4,منطقة الباحة,Al Bahah Region,90515
Al Bahah,2020Q1,Commercial,,,,15.0,498.6845229333333,2020,1,منطقة الباحة,Al Bahah Region,90515
Al Bahah,2020Q1,Residential,1.0,800000.0,,259.0,15041.591703277993,2020,1,منطقة الباحة,Al Bahah Region,90515
Al Bahah,2020Q2,Commercial,,,,16.0,342.096580875,2020,2,منطقة الباحة,Al Bahah Region,90515
Al Bahah,2020Q2,Residential,2.0,1020000.0,,281.0,14459.324117427046,2020,2,منطقة الباحة,Al Bahah Region,90515
Al Bahah,2020Q3,Commercial,,,,113.0,729.6782746814159,2020,3,منطقة الباحة,Al Bahah Region,90515
Al Bahah,2020Q3,Residential,,,,465.0,15374.770626924732,2020,3,منطقة الباحة,Al Bahah Region,90515
Al Bahah,2020Q4,Commercial,,,,114.0,429.82640192105265,2020,4,منطقة الباحة,Al Bahah Region,90515
Al Bahah,2020Q4,Residential,7.0,3344898.0,,460.0,15205.731082443475,2020,4,منطقة الباحة,Al Bahah Region,90515
Al Bahah,2021Q1,Commercial,,,,124.0,559.8147703387098,2021,1,منطقة الباحة,Al Bahah Region,90515
Al Bahah,2021Q1,Residential,7.0,3087506.0,2280.597391,361.0,15667.035584925206,2021,1,منطقة الباحة,Al Bahah Region,90515
Al Bahah,2021Q2,Commercial,,,,76.0,541.0815815000001,2021,2,منطقة الباحة,Al Bahah Region,90515
Al Bahah,2021Q2,Residential,4.0,2032778.0,,303.0,15475.582212118814,2021,2,منطقة الباحة,Al Bahah Region,90515
Al Bahah,2021Q3,Commercial,,,,138.0,626.6206590072464,2021,3,منطقة الباحة,Al Bahah Region,90515
Al Bahah,2021Q3,Residential,6.0,2735000.0,2286.040862,641.0,15721.928663038998,2021,3,منطقة الباحة,Al Bahah Region,90515
Al Bahah,2021Q4,Commercial,,,,195.0,500.1761456564103,2021,4,منطقة الباحة,Al Bahah Region,90515
Al Bahah,2021Q4,Residential,4.0,1731518.0,,558.0,15284.032465370967,2021,4,منطقة الباحة,Al Bahah Region,90515
Al Bahah,2022Q1,Commercial,,,,335.0,643.5794218328357,2022,1,منطقة الباحة,Al Bahah Region,90515
Al Bahah,2022Q1,Residential,1.0,630000.0,,693.0,15014.284307069265,2022,1,منطقة الباحة,Al Bahah Region,90515
Al Bahah,2022Q2,Commercial,4.0,592000.0,,278.0,557.2180716258994,2022,2,منطقة الباحة,Al Bahah Region,90515
Al Bahah,2022Q2,Residential,69.0,40671128.0,280.176565,665.0,15768.25899596391,2022,2,منطقة الباحة,Al Bahah Region,90515
Al Bahah,2022Q3,Commercial,5.0,1985500.0,,438.0,577.5860959680366,2022,3,منطقة الباحة,Al Bahah Region,90515
Al Bahah,2022Q3,Residential,83.0,49740183.32,291.65354,1531.0,14261.034543592423,2022,3,منطقة الباحة,Al Bahah Region,90515
Al Bahah,2022Q4,Commercial,10.0,4972085.6,105.42213499999998,382.0,599.2593955209425,2022,4,منطقة الباحة,Al Bahah Region,90515
Al Bahah,2022Q4,Residential,92.0,31317301.0,354.880167,1496.0,13129.908813469921,2022,4,منطقة الباحة,Al Bahah Region,90515
Al Bahah,2023Q1,Commercial,17.0,26147474.5,658.524917,306.0,586.0751572156863,2023,1,منطقة الباحة,Al Bahah Region,90515
Al Bahah,2023Q1,Residential,49.0,19499172.95,462.1014559999999,1620.0,13268.596541781482,2023,1,منطقة الباحة,Al Bahah Region,90515
Al Bahah,2023Q2,Commercial,12.0,34756689.0,729.030463,357.0,585.6065225910364,2023,2,منطقة الباحة,Al Bahah Region,90515
Al Bahah,2023Q2,Residential,49.0,12987960.0,349.60640300000006,1646.0,12655.761627126974,2023,2,منطقة الباحة,Al Bahah Region,90515
Al Bahah,2023Q3,Commercial,10.0,4404776.0,596.424563,428.0,577.6349363925234,2023,3,منطقة الباحة,Al Bahah Region,90515
Al Bahah,2023Q3,Residential,66.0,26952333.0,323.387413,2142.0,13663.213755483195,2023,3,منطقة الباحة,Al Bahah Region,90515
Al Bahah,2023Q4,Commercial,,,,371.0,574.9938661859837,2023,4,منطقة الباحة,Al Bahah Region,90515
Al Bahah,2023Q4,Residential,,,,1978.0,14125.88950501264,2023,4,منطقة الباحة,Al Bahah Region,90515
Al Bahah,2024Q1,Commercial,,,,310.0,515.5907545322581,2024,1,منطقة الباحة,Al Bahah Region,90515
Al Bahah,2024Q1,Residential,,,,1574.0,15042.320696424396,2024,1,منطقة الباحة,Al Bahah Region,90515
Al Bahah,2024Q2,Commercial,,,,314.0,548.0514444840765,2024,2,منطقة الباحة,Al Bahah Region,90515
Al Bahah,2024Q2,Residential,,,,1810.0,15559.636951735913,2024,2,منطقة الباحة,Al Bahah Region,90515
Al Bahah,2024Q3,Commercial,,,,420.0,487.502552195238,2024,3,منطقة الباحة,Al Bahah Region,90515
Al Bahah,2024Q3,Residential,,,,2325.0,15729.613839406455,2024,3,منطقة الباحة,Al Bahah Region,90515
Al Bahah,2024Q4,Commercial,,,,425.0,579.9101098705883,2024,4,منطقة الباحة,Al Bahah Region,90515
Al Bahah,2024Q4,Residential,,,,1883.0,15876.695379559214,2024,4,منطقة الباحة,Al Bahah Region,90515
Arar,2019Q1,Commercial,,,,2.0,1084.615385,2019,1,منطقة الحدود الشمالية,Northern Borders Region,202719
Arar,2019Q1,Residential,,,,191.0,15277.325703633507,2019,1,منطقة الحدود الشمالية,Northern Borders Region,202719
Arar,2019Q2,Commercial,,,,7.0,475.466666,2019,2,منطقة الحدود الشمالية,Northern Borders Region,202719
Arar,2019Q2,Residential,,,,184.0,16849.15807597826,2019,2,منطقة الحدود الشمالية,Northern Borders Region,202719
Arar,2019Q3,Commercial,,,,22.0,528.7732877272728,2019,3,منطقة الحدود الشمالية,Northern Borders Region,202719
Arar,2019Q3,Residential,,,,287.0,16973.62548132056,2019,3,منطقة الحدود الشمالية,Northern Borders Region,202719
Arar,2019Q4,Commercial,,,,27.0,386.7642192592593,2019,4,منطقة الحدود الشمالية,Northern Borders Region,202719
Arar,2019Q4,Residential,,,,407.0,15441.333945641278,2019,4,منطقة الحدود الشمالية,Northern Borders Region,202719
Arar,2020Q1,Commercial,,,,57.0,392.58567319298237,2020,1,منطقة الحدود الشمالية,Northern Borders Region,202719
Arar,2020Q1,Residential,,,,762.0,11708.152861258532,2020,1,منطقة الحدود الشمالية,Northern Borders Region,202719
Arar,2020Q2,Commercial,,,,41.0,420.920947,2020,2,منطقة الحدود الشمالية,Northern Borders Region,202719
Arar,2020Q2,Residential,,,,702.0,14595.14920196581,2020,2,منطقة الحدود الشمالية,Northern Borders Region,202719
Arar,2020Q3,Commercial,,,,166.0,417.11813746385536,2020,3,منطقة الحدود الشمالية,Northern Borders Region,202719
Arar,2020Q3,Residential,,,,1009.0,14295.087534145689,2020,3,منطقة الحدود الشمالية,Northern Borders Region,202719
Arar,2020Q4,Commercial,,,,298.0,417.27442509395974,2020,4,منطقة الحدود الشمالية,Northern Borders Region,202719
Arar,2020Q4,Residential,,,,732.0,14910.73570424317,2020,4,منطقة الحدود الشمالية,Northern Borders Region,202719
Arar,2021Q1,Commercial,,,,237.0,430.29614558649786,2021,1,منطقة الحدود الشمالية,Northern Borders Region,202719
Arar,2021Q1,Residential,,,,715.0,14033.320753485315,2021,1,منطقة الحدود الشمالية,Northern Borders Region,202719
Arar,2021Q2,Commercial,,,,119.0,466.6709000672269,2021,2,منطقة الحدود الشمالية,Northern Borders Region,202719
Arar,2021Q2,Residential,,,,379.0,14479.447587862798,2021,2,منطقة الحدود الشمالية,Northern Borders Region,202719
Arar,2021Q3,Commercial,,,,243.0,443.03852066255143,2021,3,منطقة الحدود الشمالية,Northern Borders Region,202719
Arar,2021Q3,Residential,,,,726.0,15493.540438560605,2021,3,منطقة الحدود الشمالية,Northern Borders Region,202719
Arar,2021Q4,Commercial,,,,277.0,423.52118657761736,2021,4,منطقة الحدود الشمالية,Northern Borders Region,202719
Arar,2021Q4,Residential,,,,770.0,15167.507474632466,2021,4,منطقة الحدود الشمالية,Northern Borders Region,202719
Arar,2022Q1,Commercial,,,,356.0,511.85351837078656,2022,1,منطقة الحدود الشمالية,Northern Borders Region,202719
Arar,2022Q1,Residential,,,,938.0,14594.433691401917,2022,1,منطقة الحدود الشمالية,Northern Borders Region,202719
Arar,2022Q2,Commercial,105.0,32956961.34,123.562205,316.0,539.8137136360759,2022,2,منطقة الحدود الشمالية,Northern Borders Region,202719
Arar,2022Q2,Residential,646.0,123358221.72,66.641277,953.0,13971.960247771249,2022,2,منطقة الحدود الشمالية,Northern Borders Region,202719
Arar,2022Q3,Commercial,102.0,26342516.1,134.185175,437.0,468.226724382151,2022,3,منطقة الحدود الشمالية,Northern Borders Region,202719
Arar,2022Q3,Residential,852.0,134336607.31,51.896314,2888.0,13186.555791563711,2022,3,منطقة الحدود الشمالية,Northern Borders Region,202719
Arar,2022Q4,Commercial,80.0,28309521.630000003,130.541631,631.0,432.25577365768623,2022,4,منطقة الحدود الشمالية,Northern Borders Region,202719
Arar,2022Q4,Residential,477.0,84717828.9,82.7239923487395,2670.0,12541.061083932209,2022,4,منطقة الحدود الشمالية,Northern Borders Region,202719
Arar,2023Q1,Commercial,89.0,22139993.15,216.13086999999996,578.0,442.0446008685121,2023,1,منطقة الحدود الشمالية,Northern Borders Region,202719
Arar,2023Q1,Residential,585.0,100198814.04,155.76838545862068,3050.0,12825.942509068855,2023,1,منطقة الحدود الشمالية,Northern Borders Region,202719
Arar,2023Q2,Commercial,79.0,16807365.92,121.77156300000001,616.0,481.350758301948,2023,2,منطقة الحدود الشمالية,Northern Borders Region,202719
Arar,2023Q2,Residential,423.0,70450180.24000001,123.86825561229317,2947.0,12302.387440593146,2023,2,منطقة الحدود الشمالية,Northern Borders Region,202719
Arar,2023Q3,Commercial,51.0,9558762.0,109.026799,871.0,456.87045333869116,2023,3,منطقة الحدود الشمالية,Northern Borders Region,202719
Arar,2023Q3,Residential,345.0,50224095.75,98.34267301449276,3942.0,12586.418661193049,2023,3,منطقة الحدود الشمالية,Northern Borders Region,202719
Arar,2023Q4,Commercial,,,,801.0,435.7570938426966,2023,4,منطقة الحدود الشمالية,Northern Borders Region,202719
Arar,2023Q4,Residential,,,,4349.0,13427.100883488158,2023,4,منطقة الحدود الشمالية,Northern Borders Region,202719
Arar,2024Q1,Commercial,,,,894.0,444.89573115548103,2024,1,منطقة الحدود الشمالية,Northern Borders Region,202719
Arar,2024Q1,Residential,,,,4129.0,14460.299737414629,2024,1,منطقة الحدود الشمالية,Northern Borders Region,202719
Arar,2024Q2,Commercial,,,,703.0,483.3079370142247,2024,2,منطقة الحدود الشمالية,Northern Borders Region,202719
Arar,2024Q2,Residential,,,,3324.0,14618.838798355295,2024,2,منطقة الحدود الشمالية,Northern Borders Region,202719
Arar,2024Q3,Commercial,,,,877.0,457.1300229840365,2024,3,منطقة الحدود الشمالية,Northern Borders Region,202719
Arar,2024Q3,Residential,,,,4492.0,14951.071348186553,2024,3,منطقة الحدود الشمالية,Northern Borders Region,202719
Arar,2024Q4,Commercial,,,,879.0,449.2023839908988,2024,4,منطقة الحدود الشمالية,Northern Borders Region,202719
Arar,2024Q4,Residential,,,,3719.0,14833.053920521108,2024,4,منطقة الحدود الشمالية,Northern Borders Region,202719
Buraidah,2018Q1,Residential,2.0,760000.0,,,,2018,1,منطقة القصيم,Al Qassim Region,677647
Buraidah,2018Q2,Residential,5.0,1610000.0,,,,2018,2,منطقة القصيم,Al Qassim Region,677647
Buraidah,2018Q3,Residential,13.0,1927000.0,1065.154239,,,2018,3,منطقة القصيم,Al Qassim Region,677647
Buraidah,2018Q4,Residential,6.0,1095000.0,1132.502831,,,2018,4,منطقة القصيم,Al Qassim Region,677647
Buraidah,2019Q1,Commercial,,,,4.0,397.54818450000005,2019,1,منطقة القصيم,Al Qassim Region,677647
Buraidah,2019Q1,Residential,3.0,880000.0,,963.0,12759.71982936241,2019,1,منطقة القصيم,Al Qassim Region,677647
Buraidah,2019Q2,Commercial,,,,21.0,248.407054,2019,2,منطقة القصيم,Al Qassim Region,677647
Buraidah,2019Q2,Residential,,,,927.0,12364.264224641856,2019,2,منطقة القصيم,Al Qassim Region,677647
Buraidah,2019Q3,Commercial,,,,72.0,316.0797577777778,2019,3,منطقة القصيم,Al Qassim Region,677647
Buraidah,2019Q3,Residential,5.0,845000.0,,1446.0,12662.291112204011,2019,3,منطقة القصيم,Al Qassim Region,677647
Buraidah,2019Q4,Commercial,,,,114.0,349.91801631578954,2019,4,منطقة القصيم,Al Qassim Region,677647
Buraidah,2019Q4,Residential,15.0,5141000.0,1756.1931134000001,1537.0,11864.362513008458,2019,4,منطقة القصيم,Al Qassim Region,677647
Buraidah,2020Q1,Commercial,,,,133.0,314.25278202255646,2020,1,منطقة القصيم,Al Qassim Region,677647
Buraidah,2020Q1,Residential,26.0,5317980.0,1578.391255769231,1708.0,12353.671713825526,2020,1,منطقة القصيم,Al Qassim Region,677647
Buraidah,2020Q2,Commercial,,,,124.0,335.06992147580644,2020,2,منطقة القصيم,Al Qassim Region,677647
Buraidah,2020Q2,Residential,15.0,5980000.0,1978.352104,1911.0,11656.01139775929,2020,2,منطقة القصيم,Al Qassim Region,677647
Buraidah,2020Q3,Commercial,,,,455.0,322.862420621978,2020,3,منطقة القصيم,Al Qassim Region,677647
Buraidah,2020Q3,Residential,19.0,12088280.0,2134.8321246666665,3262.0,11678.513920306867,2020,3,منطقة القصيم,Al Qassim Region,677647
Buraidah,2020Q4,Commercial,,,,974.0,365.6105965708419,2020,4,منطقة القصيم,Al Qassim Region,677647
Buraidah,2020Q4,Residential,30.0,18337879.0,2215.0320698,3224.0,11685.434646726118,2020,4,منطقة القصيم,Al Qassim Region,677647
Buraidah,2021Q1,Commercial,,,,981.0,344.93456296024465,2021,1,منطقة القصيم,Al Qassim Region,677647
Buraidah,2021Q1,Residential,38.0,21636159.0,2201.5332558918917,3433.0,11837.417843317508,2021,1,منطقة القصيم,Al Qassim Region,677647
Buraidah,2021Q2,Commercial,,,,485.0,380.6178246845361,2021,2,منطقة القصيم,Al Qassim Region,677647
Buraidah,2021Q2,Residential,21.0,11674733.0,1901.065334,1815.0,11883.139787415428,2021,2,منطقة القصيم,Al Qassim Region,677647
Buraidah,2021Q3,Commercial,,,,1091.0,399.90466037488545,2021,3,منطقة القصيم,Al Qassim Region,677647
Buraidah,2021Q3,Residential,35.0,22335695.0,2251.1910255000003,3578.0,12412.697622691447,2021,3,منطقة القصيم,Al Qassim Region,677647
Buraidah,2021Q4,Commercial,,,,1403.0,413.44083348039914,2021,4,منطقة القصيم,Al Qassim Region,677647
Buraidah,2021Q4,Residential,29.0,17031069.0,2450.610074586207,4572.0,11688.909752272748,2021,4,منطقة القصيم,Al Qassim Region,677647
Buraidah,2022Q1,Commercial,4.0,1575000.0,,2150.0,413.2761330767442,2022,1,منطقة القصيم,Al Qassim Region,677647
Buraidah,2022Q1,Residential,9.0,4334330.0,,5610.0,11335.531222724063,2022,1,منطقة القصيم,Al Qassim Region,677647
Buraidah,2022Q2,Commercial,693.0,574335566.11,316.5481524963925,1990.0,434.2233816522613,2022,2,منطقة القصيم,Al Qassim Region,677647
Buraidah,2022Q2,Residential,3453.0,1256680719.6,558.2367872246377,4913.0,11986.460253144716,2022,2,منطقة القصيم,Al Qassim Region,677647
Buraidah,2022Q3,Commercial,427.0,270500348.14,33.74509700234192,2311.0,463.3901433747296,2022,3,منطقة القصيم,Al Qassim Region,677647
Buraidah,2022Q3,Residential,2726.0,997458473.6999999,389.20134068073395,10710.0,11341.816278487955,2022,3,منطقة القصيم,Al Qassim Region,677647
Buraidah,2022Q4,Commercial,437.0,611590429.26,32.80224255377574,2951.0,408.90463674889867,2022,4,منطقة القصيم,Al Qassim Region,677647
Buraidah,2022Q4,Residential,2350.0,968964531.6999999,491.9993044493617,9381.0,11250.246838504105,2022,4,منطقة القصيم,Al Qassim Region,677647
Buraidah,2023Q1,Commercial,403.0,293460100.46000004,16.194199151364767,2857.0,414.9829959446973,2023,1,منطقة القصيم,Al Qassim Region,677647
Buraidah,2023Q1,Residential,2105.0,770166043.29,491.9290953795724,10019.0,11243.535600940415,2023,1,منطقة القصيم,Al Qassim Region,677647
Buraidah,2023Q2,Commercial,336.0,361116089.1,58.53595508630953,2440.0,418.56949125983607,2023,2,منطقة القصيم,Al Qassim Region,677647
Buraidah,2023Q2,Residential,1948.0,579218208.3399999,488.1085347774923,9716.0,11396.444080139358,2023,2,منطقة القصيم,Al Qassim Region,677647
Buraidah,2023Q3,Commercial,277.0,248143000.7,261.8476000288809,3039.0,420.6163372773939,2023,3,منطقة القصيم,Al Qassim Region,677647
Buraidah,2023Q3,Residential,1876.0,709611480.25,501.4099809119061,13176.0,11259.96182257916,2023,3,منطقة القصيم,Al Qassim Region,677647
Buraidah,2023Q4,Commercial,,,,2950.0,433.262313299322,2023,4,منطقة القصيم,Al Qassim Region,677647
Buraidah,2023Q4,Residential,,,,13388.0,12102.72900628167,2023,4,منطقة القصيم,Al Qassim Region,677647
Buraidah,2024Q1,Commercial,,,,2959.0,444.5054851919568,2024,1,منطقة القصيم,Al Qassim Region,677647
Buraidah,2024Q1,Residential,,,,12866.0,12922.280084904398,2024,1,منطقة القصيم,Al Qassim Region,677647
Buraidah,2024Q2,Commercial,,,,2912.0,408.1929408801511,2024,2,منطقة القصيم,Al Qassim Region,677647
Buraidah,2024Q2,Residential,,,,11225.0,13359.57091843109,2024,2,منطقة القصيم,Al Qassim Region,677647
Buraidah,2024Q3,Commercial,,,,3215.0,393.1569089791601,2024,3,منطقة القصيم,Al Qassim Region,677647
Buraidah,2024Q3,Residential,,,,15309.0,13619.390383790907,2024,3,منطقة القصيم,Al Qassim Region,677647
Buraidah,2024Q4,Commercial,,,,3360.0,466.9509942904762,2024,4,منطقة القصيم,Al Qassim Region,677647
Buraidah,2024Q4,Residential,,,,12641.0,13521.763177302508,2024,4,منطقة القصيم,Al Qassim Region,677647
Dammam,2018Q1,Commercial,140.0,1063061546.79,1324.9258791641792,,,2018,1,المنطقة الشرقية,Eastern Province,1532326
Dammam,2018Q1,Residential,946.0,962987839.5600001,2158.151106714109,,,2018,1,المنطقة الشرقية,Eastern Province,1532326
Dammam,2018Q2,Commercial,82.0,175051689.84,1744.9183821290324,,,2018,2,المنطقة الشرقية,Eastern Province,1532326
Dammam,2018Q2,Residential,821.0,653722471.12,2060.8583538785606,,,2018,2,المنطقة الشرقية,Eastern Province,1532326
Dammam,2018Q3,Commercial,96.0,472791713.37,1353.1457267837839,,,2018,3,المنطقة الشرقية,Eastern Province,1532326
Dammam,2018Q3,Residential,862.0,893147364.64,2135.6266652386207,,,2018,3,المنطقة الشرقية,Eastern Province,1532326
Dammam,2018Q4,Commercial,149.0,621340231.83,1688.0692855714285,,,2018,4,المنطقة الشرقية,Eastern Province,1532326
Dammam,2018Q4,Residential,1414.0,3495811192.17,2027.3379896739468,,,2018,4,المنطقة الشرقية,Eastern Province,1532326
Dammam,2019Q1,Commercial,135.0,3314390913.18,16438.05207608955,73.0,387.22111506849313,2019,1,المنطقة الشرقية,Eastern Province,1532326
Dammam,2019Q1,Residential,1776.0,1532523623.54,2286.461841106357,6838.0,18648.919765467683,2019,1,المنطقة الشرقية,Eastern Province,1532326
Dammam,2019Q2,Commercial,120.0,256467624.47,1666.8890031230767,150.0,474.31995765333335,2019,2,المنطقة الشرقية,Eastern Province,1532326
Dammam,2019Q2,Residential,1475.0,3551852032.01,2849.0653554171554,7286.0,18446.731259433982,2019,2,المنطقة الشرقية,Eastern Province,1532326
Dammam,2019Q3,Commercial,168.0,4761320917.89,5496.566319336065,318.0,477.566526591195,2019,3,المنطقة الشرقية,Eastern Province,1532326
Dammam,2019Q3,Residential,1621.0,5670823591.18,2554.7681517270903,9116.0,18423.35465817365,2019,3,المنطقة الشرقية,Eastern Province,1532326
Dammam,2019Q4,Commercial,199.0,946659636.83,1484.5473650364963,531.0,497.7737864387947,2019,4,المنطقة الشرقية,Eastern Province,1532326
Dammam,2019Q4,Residential,2190.0,2612203995.2599998,2632.30197713556,11490.0,17978.586703857007,2019,4,المنطقة الشرقية,Eastern Province,1532326
Dammam,2020Q1,Commercial,141.0,1949470442.93,1338.0022180697677,714.0,547.7379133109245,2020,1,المنطقة الشرقية,Eastern Province,1532326
Dammam,2020Q1,Residential,1602.0,2138622156.04,2473.6152544753763,10857.0,17980.494582336556,2020,1,المنطقة الشرقية,Eastern Province,1532326
Dammam,2020Q2,Commercial,199.0,597878618.05,1815.1922191768294,768.0,786.4089441445312,2020,2,المنطقة الشرقية,Eastern Province,1532326
Dammam,2020Q2,Residential,1392.0,1318300806.7,2592.087110398858,10038.0,17939.165133814007,2020,2,المنطقة الشرقية,Eastern Province,1532326
Dammam,2020Q3,Commercial,130.0,388651689.3,1484.9778810641026,1985.0,656.1869013964736,2020,3,المنطقة الشرقية,Eastern Province,1532326
Dammam,2020Q3,Residential,1638.0,1214084783.72,2464.4788863340136,17134.0,18044.91225513091,2020,3,المنطقة الشرقية,Eastern Province,1532326
Dammam,2020Q4,Commercial,234.0,1003223299.19,1654.5122479127908,3292.0,635.8001383630012,2020,4,المنطقة الشرقية,Eastern Province,1532326
Dammam,2020Q4,Residential,2211.0,2206843564.39,2382.7863967485378,21094.0,17462.985925896555,2020,4,المنطقة الشرقية,Eastern Province,1532326
Dammam,2021Q1,Commercial,256.0,676633486.74,1525.7069298526314,3108.0,600.5024116203347,2021,1,المنطقة الشرقية,Eastern Province,1532326
Dammam,2021Q1,Residential,2635.0,2483287726.19,2508.970300393866,20941.0,17126.039364544096,2021,1,المنطقة الشرقية,Eastern Province,1532326
Dammam,2021Q2,Commercial,180.0,475372222.44,1684.8465280487803,1424.0,632.034214235955,2021,2,المنطقة الشرقية,Eastern Province,1532326
Dammam,2021Q2,Residential,1857.0,2092080402.77,2652.036644275698,9224.0,17549.26767696791,2021,2,المنطقة الشرقية,Eastern Province,1532326
Dammam,2021Q3,Commercial,133.0,725809153.84,1555.337363734375,3403.0,638.5024903828975,2021,3,المنطقة الشرقية,Eastern Province,1532326
Dammam,2021Q3,Residential,1754.0,1451317902.1499999,2813.8162826660346,16663.0,18652.658982558365,2021,3,المنطقة الشرقية,Eastern Province,1532326
Dammam,2021Q4,Commercial,224.0,826748720.14,1669.3529136904763,4553.0,701.8280488642654,2021,4,المنطقة الشرقية,Eastern Province,1532326
Dammam,2021Q4,Residential,2192.0,1937603292.09,2848.785214554528,22480.0,18096.78079073861,2021,4,المنطقة الشرقية,Eastern Province,1532326
Dammam,2022Q1,Commercial,263.0,835498132.58,2165.587751125,6043.0,703.6788170327652,2022,1,المنطقة الشرقية,Eastern Province,1532326
Dammam,2022Q1,Residential,1906.0,1882916203.85,2819.422803560862,26081.0,17542.25234567624,2022,1,المنطقة الشرقية,Eastern Province,1532326
Dammam,2022Q2,Commercial,687.0,4166533685.58,2071.8928434340837,5237.0,700.0681600798167,2022,2,المنطقة الشرقية,Eastern Province,1532326
Dammam,2022Q2,Residential,3287.0,3903349016.6800003,2779.7490008585305,22743.0,17582.73059442356,2022,2,المنطقة الشرقية,Eastern Province,1532326
Dammam,2022Q3,Commercial,475.0,1453953878.12,2281.040949963054,4959.0,682.0569149038113,2022,3,المنطقة الشرقية,Eastern Province,1532326
Dammam,2022Q3,Residential,3056.0,3492693947.88,2905.220887052265,32161.0,17129.945975907656,2022,3,المنطقة الشرقية,Eastern Province,1532326
Dammam,2022Q4,Commercial,465.0,4637638414.05,2013.7381077979796,6168.0,669.8717118613814,2022,4,المنطقة الشرقية,Eastern Province,1532326
Dammam,2022Q4,Residential,2588.0,2897660481.2,2812.882633499589,31131.0,17523.867998256337,2022,4,المنطقة الشرقية,Eastern Province,1532326
Dammam,2023Q1,Commercial,400.0,2685312725.6699996,2143.592095323263,7473.0,704.3526429858156,2023,1,المنطقة الشرقية,Eastern Province,1532326
Dammam,2023Q1,Residential,2378.0,2592814758.83,2881.9568000414574,32069.0,17563.89892030905,2023,1,المنطقة الشرقية,Eastern Province,1532326
Dammam,2023Q2,Commercial,401.0,2824912490.46,1798.9883809711814,5313.0,683.668981299266,2023,2,المنطقة الشرقية,Eastern Province,1532326
Dammam,2023Q2,Residential,1953.0,2918804319.6,2623.7518502377466,30648.0,17195.906499833367,2023,2,المنطقة الشرقية,Eastern Province,1532326
Dammam,2023Q3,Commercial,258.0,996674529.61,1685.519914285,6833.0,881.7180827782818,2023,3,المنطقة الشرقية,Eastern Province,1532326
Dammam,2023Q3,Residential,1656.0,1892281408.28,2565.590753132563,36685.0,17616.00910791964,2023,3,المنطقة الشرقية,Eastern Province,1532326
Dammam,2023Q4,Commercial,,,,7021.0,636.5752834732945,2023,4,المنطقة الشرقية,Eastern Province,1532326
Dammam,2023Q4,Residential,,,,39979.0,17716.285356745015,2023,4,المنطقة الشرقية,Eastern Province,1532326
Dammam,2024Q1,Commercial,,,,7789.0,646.2397309165491,2024,1,المنطقة الشرقية,Eastern Province,1532326
Dammam,2024Q1,Residential,,,,41458.0,18121.78451829343,2024,1,المنطقة الشرقية,Eastern Province,1532326
Dammam,2024Q2,Commercial,,,,7949.0,914.1197328116745,2024,2,المنطقة الشرقية,Eastern Province,1532326
Dammam,2024Q2,Residential,,,,35482.0,18429.74270565194,2024,2,المنطقة الشرقية,Eastern Province,1532326
Dammam,2024Q3,Commercial,,,,7463.0,644.8874335442852,2024,3,المنطقة الشرقية,Eastern Province,1532326
Dammam,2024Q3,Residential,,,,43289.0,18666.576897310817,2024,3,المنطقة الشرقية,Eastern Province,1532326
Dammam,2024Q4,Commercial,,,,9016.0,703.7651049071651,2024,4,المنطقة الشرقية,Eastern Province,1532326
Dammam,2024Q4,Residential,,,,45931.0,19033.119218763994,2024,4,المنطقة الشرقية,Eastern Province,1532326
Hail,2018Q3,Residential,1.0,309988.0,,,,2018,3,منطقة حائل,Hail Region,498575
Hail,2018Q4,Residential,2.0,1274790.04,,,,2018,4,منطقة حائل,Hail Region,498575
Hail,2019Q1,Commercial,,,,8.0,332.68233,2019,1,منطقة حائل,Hail Region,498575
Hail,2019Q1,Residential,3.0,817156.0,,631.0,14703.623821889063,2019,1,منطقة حائل,Hail Region,498575
Hail,2019Q2,Commercial,,,,49.0,411.65796757142857,2019,2,منطقة حائل,Hail Region,498575
Hail,2019Q2,Residential,1.0,949070.4,,830.0,14412.892000003614,2019,2,منطقة حائل,Hail Region,498575
Hail,2019Q3,Commercial,,,,169.0,465.7283795266272,2019,3,منطقة حائل,Hail Region,498575
Hail,2019Q3,Residential,3.0,1681853.44,,1194.0,14626.582971843383,2019,3,منطقة حائل,Hail Region,498575
Hail,2019Q4,Commercial,,,,198.0,400.195168979798,2019,4,منطقة حائل,Hail Region,498575
Hail,2019Q4,Residential,4.0,2674972.0,,1342.0,14156.54815674963,2019,4,منطقة حائل,Hail Region,498575
Hail,2020Q1,Commercial,,,,233.0,421.68938492274674,2020,1,منطقة حائل,Hail Region,498575
Hail,2020Q1,Residential,1.0,610281.0,,1374.0,14019.036653186318,2020,1,منطقة حائل,Hail Region,498575
Hail,2020Q2,Commercial,,,,160.0,388.78977490625,2020,2,منطقة حائل,Hail Region,498575
Hail,2020Q2,Residential,1.0,675000.0,,1576.0,13024.57446664721,2020,2,منطقة حائل,Hail Region,498575
Hail,2020Q3,Commercial,,,,590.0,433.4042075457627,2020,3,منطقة حائل,Hail Region,498575
Hail,2020Q3,Residential,3.0,1619443.0,,2926.0,12810.580478067326,2020,3,منطقة حائل,Hail Region,498575
Hail,2020Q4,Commercial,,,,750.0,455.13301657066665,2020,4,منطقة حائل,Hail Region,498575
Hail,2020Q4,Residential,,,,2126.0,13737.752292171685,2020,4,منطقة حائل,Hail Region,498575
Hail,2021Q1,Commercial,1.0,265000.0,,637.0,448.2461234788069,2021,1,منطقة حائل,Hail Region,498575
Hail,2021Q1,Residential,3.0,2954706.0,,2258.0,13723.228389657661,2021,1,منطقة حائل,Hail Region,498575
Hail,2021Q2,Commercial,,,,389.0,440.17683119794344,2021,2,منطقة حائل,Hail Region,498575
Hail,2021Q2,Residential,3.0,1937000.0,,1224.0,13741.578953723856,2021,2,منطقة حائل,Hail Region,498575
Hail,2021Q3,Commercial,,,,969.0,442.62656344582047,2021,3,منطقة حائل,Hail Region,498575
Hail,2021Q3,Residential,,,,2585.0,14192.348515860347,2021,3,منطقة حائل,Hail Region,498575
Hail,2021Q4,Commercial,,,,1115.0,459.2048729560538,2021,4,منطقة حائل,Hail Region,498575
Hail,2021Q4,Residential,2.0,640000.0,,2747.0,13711.669457180196,2021,4,منطقة حائل,Hail Region,498575
Hail,2022Q1,Commercial,,,,1379.0,452.77961557577953,2022,1,منطقة حائل,Hail Region,498575
Hail,2022Q1,Residential,7.0,4232628.0,535.276581,3165.0,13462.272240683094,2022,1,منطقة حائل,Hail Region,498575
Hail,2022Q2,Commercial,330.0,149508985.2,330.6198144,1313.0,461.49160941888806,2022,2,منطقة حائل,Hail Region,498575
Hail,2022Q2,Residential,1667.0,752574950.93,438.4733940455909,3322.0,13376.049918833534,2022,2,منطقة حائل,Hail Region,498575
Hail,2022Q3,Commercial,341.0,308762413.4,455.1444882756598,1630.0,495.07655996503064,2022,3,منطقة حائل,Hail Region,498575
Hail,2022Q3,Residential,1607.0,720013812.38,637.0373924026136,8898.0,11935.172792060235,2022,3,منطقة حائل,Hail Region,498575
Hail,2022Q4,Commercial,268.0,145419273.66,400.2136824477612,1625.0,479.001906272,2022,4,منطقة حائل,Hail Region,498575
Hail,2022Q4,Residential,1094.0,492152381.06,578.7891611133455,7848.0,11419.370852336773,2022,4,منطقة حائل,Hail Region,498575
Hail,2023Q1,Commercial,273.0,101472494.71,240.9608462197802,1743.0,476.3406153166954,2023,1,منطقة حائل,Hail Region,498575
Hail,2023Q1,Residential,1203.0,475738704.19,282.32401936824607,7871.0,11742.944246996443,2023,1,منطقة حائل,Hail Region,498575
Hail,2023Q2,Commercial,278.0,94906279.15,135.142576352518,1661.0,464.25019624924744,2023,2,منطقة حائل,Hail Region,498575
Hail,2023Q2,Residential,1248.0,344605305.83,276.4244416458333,7252.0,12058.992549446773,2023,2,منطقة حائل,Hail Region,498575
Hail,2023Q3,Commercial,216.0,72600269.74000001,224.8363094166667,1856.0,444.8652045883621,2023,3,منطقة حائل,Hail Region,498575
Hail,2023Q3,Residential,745.0,296124586.01,393.0464803261745,10727.0,11921.186948111028,2023,3,منطقة حائل,Hail Region,498575
Hail,2023Q4,Commercial,,,,2056.0,501.4435838613813,2023,4,منطقة حائل,Hail Region,498575
Hail,2023Q4,Residential,,,,11027.0,13291.945854611316,2023,4,منطقة حائل,Hail Region,498575
Hail,2024Q1,Commercial,,,,2170.0,477.9345036387097,2024,1,منطقة حائل,Hail Region,498575
Hail,2024Q1,Residential,,,,8866.0,14765.69892922062,2024,1,منطقة حائل,Hail Region,498575
Hail,2024Q2,Commercial,,,,1800.0,446.14273137111115,2024,2,منطقة حائل,Hail Region,498575
Hail,2024Q2,Residential,,,,7465.0,15196.893233984862,2024,2,منطقة حائل,Hail Region,498575
Hail,2024Q3,Commercial,,,,2034.0,471.14694197099305,2024,3,منطقة حائل,Hail Region,498575
Hail,2024Q3,Residential,,,,11346.0,15554.488045099331,2024,3,منطقة حائل,Hail Region,498575
Hail,2024Q4,Commercial,,,,2357.0,462.02457565931263,2024,4,منطقة حائل,Hail Region,498575
Hail,2024Q4,Residential,,,,9864.0,15421.091764674371,2024,4,منطقة حائل,Hail Region,498575
Jazan,2018Q1,Commercial,29.0,29238484.0,156.427711,,,2018,1,منطقة جازان,Jazan Region,200911
Jazan,2018Q1,Residential,127.0,45383516.0,669.9949545322581,,,2018,1,منطقة جازان,Jazan Region,200911
Jazan,2018Q2,Commercial,15.0,14110000.0,455.840455,,,2018,2,منطقة جازان,Jazan Region,200911
Jazan,2018Q2,Residential,140.0,69861902.0,734.1302952983871,,,2018,2,منطقة جازان,Jazan Region,200911
Jazan,2018Q3,Commercial,10.0,7007500.0,,,,2018,3,منطقة جازان,Jazan Region,200911
Jazan,2018Q3,Residential,116.0,44145887.6,447.2929323428571,,,2018,3,منطقة جازان,Jazan Region,200911
Jazan,2018Q4,Commercial,40.0,20525100.0,284.082169,,,2018,4,منطقة جازان,Jazan Region,200911
Jazan,2018Q4,Residential,293.0,79997067.69,411.13604927402133,,,2018,4,منطقة جازان,Jazan Region,200911
Jazan,2019Q1,Commercial,25.0,16072750.0,715.9170803000001,8.0,327.294372,2019,1,منطقة جازان,Jazan Region,200911
Jazan,2019Q1,Residential,237.0,84784289.14,642.5960644170403,766.0,19453.497793203656,2019,1,منطقة جازان,Jazan Region,200911
Jazan,2019Q2,Commercial,20.0,19068900.0,,14.0,691.935607,2019,2,منطقة جازان,Jazan Region,200911
Jazan,2019Q2,Residential,162.0,66647311.14,457.6560081642857,987.0,19638.110081539005,2019,2,منطقة جازان,Jazan Region,200911
Jazan,2019Q3,Commercial,46.0,27203133.28,492.44942068750004,71.0,604.0481524788732,2019,3,منطقة جازان,Jazan Region,200911
Jazan,2019Q3,Residential,247.0,93899017.0,670.6379914454149,1375.0,19548.326812479274,2019,3,منطقة جازان,Jazan Region,200911
Jazan,2019Q4,Commercial,17.0,612780000.0,,117.0,642.9062249743589,2019,4,منطقة جازان,Jazan Region,200911
Jazan,2019Q4,Residential,290.0,107945469.97,644.4459591222222,1314.0,18742.01713291781,2019,4,منطقة جازان,Jazan Region,200911
Jazan,2020Q1,Commercial,38.0,18800972.2,217.131416,117.0,666.9619573333333,2020,1,منطقة جازان,Jazan Region,200911
Jazan,2020Q1,Residential,317.0,127970820.0,783.9007296456954,1418.0,19232.49200038082,2020,1,منطقة جازان,Jazan Region,200911
Jazan,2020Q2,Commercial,23.0,18116000.0,594.1139256666667,92.0,619.915168097826,2020,2,منطقة جازان,Jazan Region,200911
Jazan,2020Q2,Residential,286.0,154751089.0,1003.3718297593985,1229.0,18590.362851566315,2020,2,منطقة جازان,Jazan Region,200911
Jazan,2020Q3,Commercial,28.0,11711326.0,550.972193,281.0,664.5951341423488,2020,3,منطقة جازان,Jazan Region,200911
Jazan,2020Q3,Residential,316.0,132305434.61,958.9483675816327,2116.0,18490.504141628546,2020,3,منطقة جازان,Jazan Region,200911
Jazan,2020Q4,Commercial,36.0,37233437.5,842.2689751612903,316.0,702.241240278481,2020,4,منطقة جازان,Jazan Region,200911
Jazan,2020Q4,Residential,375.0,197872636.53,1294.1303730198301,2028.0,18884.217352079388,2020,4,منطقة جازان,Jazan Region,200911
Jazan,2021Q1,Commercial,59.0,33122295.0,601.0869234615385,288.0,633.1506836631945,2021,1,منطقة جازان,Jazan Region,200911
Jazan,2021Q1,Residential,606.0,320573474.92,1183.8782632431974,2098.0,18472.63008611487,2021,1,منطقة جازان,Jazan Region,200911
Jazan,2021Q2,Commercial,57.0,36163738.0,596.0533581666666,218.0,711.2384673348624,2021,2,منطقة جازان,Jazan Region,200911
Jazan,2021Q2,Residential,445.0,246134624.0,1373.6650801135265,1046.0,18635.289696640535,2021,2,منطقة جازان,Jazan Region,200911
Jazan,2021Q3,Commercial,56.0,28039628.0,782.3165491489361,474.0,826.2174809936708,2021,3,منطقة جازان,Jazan Region,200911
Jazan,2021Q3,Residential,473.0,272586444.1,1624.2863155511984,2143.0,19009.55574920252,2021,3,منطقة جازان,Jazan Region,200911
Jazan,2021Q4,Commercial,38.0,37917000.0,884.580383,742.0,697.5518500633423,2021,4,منطقة جازان,Jazan Region,200911
Jazan,2021Q4,Residential,482.0,309746616.4,1912.2521087623127,2772.0,18777.098180968616,2021,4,منطقة جازان,Jazan Region,200911
Jazan,2022Q1,Commercial,48.0,32548458.0,919.6723768181819,951.0,751.5508313543637,2022,1,منطقة جازان,Jazan Region,200911
Jazan,2022Q1,Residential,507.0,380925735.47,2029.1866402851406,2979.0,18506.837795306477,2022,1,منطقة جازان,Jazan Region,200911
Jazan,2022Q2,Commercial,64.0,79035189.0,926.1357019999999,780.0,743.4982644807692,2022,2,منطقة جازان,Jazan Region,200911
Jazan,2022Q2,Residential,834.0,484032885.42,1856.0591522873135,2862.0,18296.388829462612,2022,2,منطقة جازان,Jazan Region,200911
Jazan,2022Q3,Commercial,64.0,146122638.4,916.3057790930231,811.0,768.915427324291,2022,3,منطقة جازان,Jazan Region,200911
Jazan,2022Q3,Residential,785.0,496437517.31,2085.4529543800786,5937.0,16636.51702769884,2022,3,منطقة جازان,Jazan Region,200911
Jazan,2022Q4,Commercial,59.0,55933813.55,597.3568420869565,942.0,782.3002336019108,2022,4,منطقة جازان,Jazan Region,200911
Jazan,2022Q4,Residential,713.0,392817190.81,2071.7066239288893,6130.0,15823.412694046492,2022,4,منطقة جازان,Jazan Region,200911
Jazan,2023Q1,Commercial,53.0,41780600.0,784.811315688889,995.0,759.7467689768844,2023,1,منطقة جازان,Jazan Region,200911
Jazan,2023Q1,Residential,886.0,554048887.85,2141.994322451501,6659.0,15375.901666597687,2023,1,منطقة جازان,Jazan Region,200911
Jazan,2023Q2,Commercial,42.0,58438550.65,820.0537312962962,987.0,726.1831620506586,2023,2,منطقة جازان,Jazan Region,200911
Jazan,2023Q2,Residential,804.0,444634662.72,2065.2721888276765,6977.0,14454.96852795815,2023,2,منطقة جازان,Jazan Region,200911
Jazan,2023Q3,Commercial,31.0,38358446.4,255.821602,986.0,752.1163525162272,2023,3,منطقة جازان,Jazan Region,200911
Jazan,2023Q3,Residential,562.0,330190444.62,2124.5500565418997,7819.0,16023.333169452615,2023,3,منطقة جازان,Jazan Region,200911
Jazan,2023Q4,Commercial,,,,1163.0,784.2665537755804,2023,4,منطقة جازان,Jazan Region,200911
Jazan,2023Q4,Residential,,,,8082.0,16548.634571018436,2023,4,منطقة جازان,Jazan Region,200911
Jazan,2024Q1,Commercial,,,,1036.0,757.2196636525096,2024,1,منطقة جازان,Jazan Region,200911
Jazan,2024Q1,Residential,,,,6735.0,17380.12651693185,2024,1,منطقة جازان,Jazan Region,200911
Jazan,2024Q2,Commercial,,,,809.0,748.0885787466009,2024,2,منطقة جازان,Jazan Region,200911
Jazan,2024Q2,Residential,,,,5875.0,17944.734971322552,2024,2,منطقة جازان,Jazan Region,200911
Jazan,2024Q3,Commercial,,,,1027.0,731.5170389454723,2024,3,منطقة جازان,Jazan Region,200911
Jazan,2024Q3,Residential,,,,8048.0,18101.35098727982,2024,3,منطقة جازان,Jazan Region,200911
Jazan,2024Q4,Commercial,,,,1291.0,731.068819738962,2024,4,منطقة جازان,Jazan Region,200911
Jazan,2024Q4,Residential,,,,7888.0,18263.775886693707,2024,4,منطقة جازان,Jazan Region,200911
Jeddah,2018Q1,Commercial,355.0,891749852.53,1413.0079844113209,,,2018,1,منطقة مكة المكرمة,Makkah Region,3751722
Jeddah,2018Q1,Residential,3795.0,3698915152.0,2244.7626745329258,,,2018,1,منطقة مكة المكرمة,Makkah Region,3751722
Jeddah,2018Q2,Commercial,343.0,2656103280.88,1432.1627568862746,,,2018,2,منطقة مكة المكرمة,Makkah Region,3751722
Jeddah,2018Q2,Residential,2741.0,2715069571.55,2241.115877096085,,,2018,2,منطقة مكة المكرمة,Makkah Region,3751722
Jeddah,2018Q3,Commercial,266.0,924873424.37,1177.8812851987952,,,2018,3,منطقة مكة المكرمة,Makkah Region,3751722
Jeddah,2018Q3,Residential,2944.0,2589178620.38,2107.3904635146305,,,2018,3,منطقة مكة المكرمة,Makkah Region,3751722
Jeddah,2018Q4,Commercial,575.0,1156461856.67,1192.5217847934064,,,2018,4,منطقة مكة المكرمة,Makkah Region,3751722
Jeddah,2018Q4,Residential,5033.0,4179532915.97,1906.2355121541962,,,2018,4,منطقة مكة المكرمة,Makkah Region,3751722
Jeddah,2019Q1,Commercial,566.0,1806494556.73,1246.5042736689038,237.0,682.6974172278482,2019,1,منطقة مكة المكرمة,Makkah Region,3751722
Jeddah,2019Q1,Residential,5745.0,4569037657.17,1981.1818648144942,18152.0,21916.17529606875,2019,1,منطقة مكة المكرمة,Makkah Region,3751722
Jeddah,2019Q2,Commercial,500.0,2612021547.58,1444.4332416231885,460.0,677.68965275,2019,2,منطقة مكة المكرمة,Makkah Region,3751722
Jeddah,2019Q2,Residential,5126.0,4755180388.84,2380.184175166059,18532.0,22030.66380875243,2019,2,منطقة مكة المكرمة,Makkah Region,3751722
Jeddah,2019Q3,Commercial,681.0,1680995147.3500001,1690.3085402730435,992.0,707.9903271048388,2019,3,منطقة مكة المكرمة,Makkah Region,3751722
Jeddah,2019Q3,Residential,6172.0,5500182641.42,2118.1986730441963,23557.0,22020.172087514115,2019,3,منطقة مكة المكرمة,Makkah Region,3751722
Jeddah,2019Q4,Commercial,663.0,1546489852.58,1147.1110316535007,1423.0,649.8370218468026,2019,4,منطقة مكة المكرمة,Makkah Region,3751722
Jeddah,2019Q4,Residential,7090.0,6925332223.96,2386.5185818537648,27649.0,21929.178834103222,2019,4,منطقة مكة المكرمة,Makkah Region,3751722
Jeddah,2020Q1,Commercial,818.0,1718581335.21,1276.7382160421196,1640.0,726.5829321067073,2020,1,منطقة مكة المكرمة,Makkah Region,3751722
Jeddah,2020Q1,Residential,6660.0,5708762798.17,2230.4550743822624,25289.0,21695.052535348965,2020,1,منطقة مكة المكرمة,Makkah Region,3751722
Jeddah,2020Q2,Commercial,555.0,1615061661.07,2214.3038326518845,829.0,643.3897261037393,2020,2,منطقة مكة المكرمة,Makkah Region,3751722
Jeddah,2020Q2,Residential,5150.0,5578341546.31,2766.684926859596,21443.0,21309.72001288206,2020,2,منطقة مكة المكرمة,Makkah Region,3751722
Jeddah,2020Q3,Commercial,556.0,1402885509.54,1470.0319687586912,4280.0,686.2479478691589,2020,3,منطقة مكة المكرمة,Makkah Region,3751722
Jeddah,2020Q3,Residential,7005.0,5282728206.15,2181.217709659034,41727.0,20707.88664508496,2020,3,منطقة مكة المكرمة,Makkah Region,3751722
Jeddah,2020Q4,Commercial,1049.0,2590653940.8,1431.41231884744,8003.0,674.2285147418468,2020,4,منطقة مكة المكرمة,Makkah Region,3751722
Jeddah,2020Q4,Residential,9189.0,7740556149.23,2208.7202320665037,49535.0,21036.138296110224,2020,4,منطقة مكة المكرمة,Makkah Region,3751722
Jeddah,2021Q1,Commercial,1142.0,3572708262.82,1604.0951261661892,7781.0,730.1672593661482,2021,1,منطقة مكة المكرمة,Makkah Region,3751722
Jeddah,2021Q1,Residential,10214.0,9413960491.23,2411.688151253632,48324.0,20504.482516869466,2021,1,منطقة مكة المكرمة,Makkah Region,3751722
Jeddah,2021Q2,Commercial,717.0,1977660451.87,1679.3424534514002,3338.0,741.6600173229479,2021,2,منطقة مكة المكرمة,Makkah Region,3751722
Jeddah,2021Q2,Residential,6726.0,6642158158.0,2484.768927962657,20648.0,20821.720528604706,2021,2,منطقة مكة المكرمة,Makkah Region,3751722
Jeddah,2021Q3,Commercial,629.0,2572270308.79,1896.6535826065258,9275.0,788.1949033192453,2021,3,منطقة مكة المكرمة,Makkah Region,3751722
Jeddah,2021Q3,Residential,6138.0,6201434347.08,2884.9556037524703,43948.0,21757.693319354465,2021,3,منطقة مكة المكرمة,Makkah Region,3751722
Jeddah,2021Q4,Commercial,831.0,2207044931.19,2015.8225163364993,11777.0,795.084018307209,2021,4,منطقة مكة المكرمة,Makkah Region,3751722
Jeddah,2021Q4,Residential,8565.0,8796654940.64,2815.1137042599667,64210.0,21056.575315100763,2021,4,منطقة مكة المكرمة,Makkah Region,3751722
Jeddah,2022Q1,Commercial,1278.0,3723577548.02,2019.7203800208335,19810.0,826.7749310668854,2022,1,منطقة مكة المكرمة,Makkah Region,3751722
Jeddah,2022Q1,Residential,10668.0,11340427058.23,2870.7586300739226,86294.0,21809.526580905396,2022,1,منطقة مكة المكرمة,Makkah Region,3751722
Jeddah,2022Q2,Commercial,1062.0,4766019487.68,2146.578406338965,14957.0,879.3221460213279,2022,2,منطقة مكة المكرمة,Makkah Region,3751722
Jeddah,2022Q2,Residential,9474.0,10307237597.45,2960.8219132844524,73706.0,24601.139100895853,2022,2,منطقة مكة المكرمة,Makkah Region,3751722
Jeddah,2022Q3,Commercial,768.0,2619031735.02,2300.9376575260735,15659.0,915.0409784707836,2022,3,منطقة مكة المكرمة,Makkah Region,3751722
Jeddah,2022Q3,Residential,9158.0,10418615740.49,3553.297594654807,93054.0,24997.743819880285,2022,3,منطقة مكة المكرمة,Makkah Region,3751722
Jeddah,2022Q4,Commercial,664.0,3989810544.88,2534.5814273710575,17894.0,863.3790774336649,2022,4,منطقة مكة المكرمة,Makkah Region,3751722
Jeddah,2022Q4,Residential,7282.0,8557426881.09,3563.353612529154,89432.0,24250.64097716142,2022,4,منطقة مكة المكرمة,Makkah Region,3751722
Jeddah,2023Q1,Commercial,603.0,2344469283.12,2358.7376336410257,21487.0,893.912717274352,2023,1,منطقة مكة المكرمة,Makkah Region,3751722
Jeddah,2023Q1,Residential,7463.0,9570361521.6,3615.701233205502,96065.0,24356.68321349086,2023,1,منطقة مكة المكرمة,Makkah Region,3751722
Jeddah,2023Q2,Commercial,575.0,3362732351.56,2631.154442558253,15173.0,885.3751098942199,2023,2,منطقة مكة المكرمة,Makkah Region,3751722
Jeddah,2023Q2,Residential,6558.0,7233084390.78,3409.4467283653544,81486.0,24818.048520721964,2023,2,منطقة مكة المكرمة,Makkah Region,3751722
Jeddah,2023Q3,Commercial,415.0,1935110364.12,2579.634365822695,19886.0,940.4042962225686,2023,3,منطقة مكة المكرمة,Makkah Region,3751722
Jeddah,2023Q3,Residential,5389.0,5452048278.83,3320.5660146006144,99903.0,24749.23889266759,2023,3,منطقة مكة المكرمة,Makkah Region,3751722
Jeddah,2023Q4,Commercial,,,,19461.0,908.0854803522943,2023,4,منطقة مكة المكرمة,Makkah Region,3751722
Jeddah,2023Q4,Residential,,,,106204.0,24184.154820057618,2023,4,منطقة مكة المكرمة,Makkah Region,3751722
Jeddah,2024Q1,Commercial,,,,23532.0,912.3676171108278,2024,1,منطقة مكة المكرمة,Makkah Region,3751722
Jeddah,2024Q1,Residential,,,,114136.0,24539.1832425552,2024,1,منطقة مكة المكرمة,Makkah Region,3751722
Jeddah,2024Q2,Commercial,,,,16895.0,912.8848437729506,2024,2,منطقة مكة المكرمة,Makkah Region,3751722
Jeddah,2024Q2,Residential,,,,93479.0,25090.526108061596,2024,2,منطقة مكة المكرمة,Makkah Region,3751722
Jeddah,2024Q3,Commercial,,,,20277.0,962.9920507055284,2024,3,منطقة مكة المكرمة,Makkah Region,3751722
Jeddah,2024Q3,Residential,,,,112001.0,24969.23899114428,2024,3,منطقة مكة المكرمة,Makkah Region,3751722
Jeddah,2024Q4,Commercial,,,,23093.0,931.7984210372407,2024,4,منطقة مكة المكرمة,Makkah Region,3751722
Jeddah,2024Q4,Residential,,,,119623.0,25223.181427388045,2024,4,منطقة مكة المكرمة,Makkah Region,3751722
Khobar,2018Q1,Residential,8.0,4792500.0,3202.085719,,,2018,1,المنطقة الشرقية,Eastern Province,658550
Khobar,2018Q2,Residential,7.0,7331938.6,4640.826608,,,2018,2,المنطقة الشرقية,Eastern Province,658550
Khobar,2018Q3,Residential,9.0,5718012.63,3406.764044,,,2018,3,المنطقة الشرقية,Eastern Province,658550
Khobar,2018Q4,Residential,18.0,9159125.0,2284.115525,,,2018,4,المنطقة الشرقية,Eastern Province,658550
Khobar,2019Q1,Commercial,,,,30.0,484.81313700000004,2019,1,المنطقة الشرقية,Eastern Province,658550
Khobar,2019Q1,Residential,23.0,16357140.0,2907.521522,3749.0,20317.651616080824,2019,1,المنطقة الشرقية,Eastern Province,658550
Khobar,2019Q2,Commercial,,,,69.0,503.5236252463768,2019,2,المنطقة الشرقية,Eastern Province,658550
Khobar,2019Q2,Residential,13.0,8932056.72,3816.817779,3936.0,22057.283120963413,2019,2,المنطقة الشرقية,Eastern Province,658550
Khobar,2019Q3,Commercial,,,,215.0,460.84281306976743,2019,3,المنطقة الشرقية,Eastern Province,658550
Khobar,2019Q3,Residential,12.0,10802575.07,3830.6206609999995,4712.0,21247.882553998727,2019,3,المنطقة الشرقية,Eastern Province,658550
Khobar,2019Q4,Commercial,,,,312.0,465.5057273461539,2019,4,المنطقة الشرقية,Eastern Province,658550
Khobar,2019Q4,Residential,24.0,18993684.0,3765.9377119999995,6629.0,21231.9808988579,2019,4,المنطقة الشرقية,Eastern Province,658550
Khobar,2020Q1,Commercial,,,,459.0,492.5602662287581,2020,1,المنطقة الشرقية,Eastern Province,658550
Khobar,2020Q1,Residential,17.0,11672381.5,3315.387589,6269.0,20126.930173935554,2020,1,المنطقة الشرقية,Eastern Province,658550
Khobar,2020Q2,Commercial,,,,277.0,514.3586148953069,2020,2,المنطقة الشرقية,Eastern Province,658550
Khobar,2020Q2,Residential,51.0,24033987.94,2189.050704882353,6314.0,21491.31342902645,2020,2,المنطقة الشرقية,Eastern Province,658550
Khobar,2020Q3,Commercial,,,,1071.0,524.2151221372549,2020,3,المنطقة الشرقية,Eastern Province,658550
Khobar,2020Q3,Residential,59.0,34679174.15,2992.1983021355936,9610.0,21075.1916669052,2020,3,المنطقة الشرقية,Eastern Province,658550
Khobar,2020Q4,Commercial,,,,1791.0,569.330501704076,2020,4,المنطقة الشرقية,Eastern Province,658550
Khobar,2020Q4,Residential,91.0,56015889.14,3058.049912153846,12483.0,20936.051418267405,2020,4,المنطقة الشرقية,Eastern Province,658550
Khobar,2021Q1,Commercial,,,,1628.0,535.2121318230958,2021,1,المنطقة الشرقية,Eastern Province,658550
Khobar,2021Q1,Residential,89.0,57937041.0,3309.46949625,13104.0,21550.12274916934,2021,1,المنطقة الشرقية,Eastern Province,658550
Khobar,2021Q2,Commercial,,,,698.0,505.7763912893983,2021,2,المنطقة الشرقية,Eastern Province,658550
Khobar,2021Q2,Residential,35.0,21205085.0,3377.3526156285716,5508.0,20622.400420297385,2021,2,المنطقة الشرقية,Eastern Province,658550
Khobar,2021Q3,Commercial,,,,2016.0,560.3294478482143,2021,3,المنطقة الشرقية,Eastern Province,658550
Khobar,2021Q3,Residential,63.0,48125346.629999995,3944.289485746032,8881.0,22674.17259082389,2021,3,المنطقة الشرقية,Eastern Province,658550
Khobar,2021Q4,Commercial,,,,2226.0,590.7621140916442,2021,4,المنطقة الشرقية,Eastern Province,658550
Khobar,2021Q4,Residential,122.0,92518235.6,3950.912590573771,12976.0,20867.989226435187,2021,4,المنطقة الشرقية,Eastern Province,658550
Khobar,2022Q1,Commercial,,,,3258.0,600.7521090540209,2022,1,المنطقة الشرقية,Eastern Province,658550
Khobar,2022Q1,Residential,30.0,20864514.0,3718.5273848,14595.0,20451.46366414594,2022,1,المنطقة الشرقية,Eastern Province,658550
Khobar,2022Q2,Commercial,292.0,1145599681.73,1936.437703,2702.0,585.3474648097705,2022,2,المنطقة الشرقية,Eastern Province,658550
Khobar,2022Q2,Residential,1443.0,1861672216.07,2263.2019086770615,12834.0,22866.220568124827,2022,2,المنطقة الشرقية,Eastern Province,658550
Khobar,2022Q3,Commercial,275.0,1303841157.47,1576.564481,2952.0,610.9143137069783,2022,3,المنطقة الشرقية,Eastern Province,658550
Khobar,2022Q3,Residential,1405.0,1927583176.32,2427.0544447935945,15128.0,21757.63003859836,2022,3,المنطقة الشرقية,Eastern Province,658550
Khobar,2022Q4,Commercial,206.0,856262711.67,1976.28765,3432.0,610.9587584160839,2022,4,المنطقة الشرقية,Eastern Province,658550
Khobar,2022Q4,Residential,1052.0,1302249280.03,2505.692883353612,17085.0,21459.20071643272,2022,4,المنطقة الشرقية,Eastern Province,658550
Khobar,2023Q1,Commercial,197.0,700961151.74,1863.731004,3758.0,616.9117778033528,2023,1,المنطقة الشرقية,Eastern Province,658550
Khobar,2023Q1,Residential,1157.0,1376473054.29,2838.7233949472775,17240.0,21566.82289888149,2023,1,المنطقة الشرقية,Eastern Province,658550
Khobar,2023Q2,Commercial,146.0,541825798.63,1850.0886820000003,2996.0,658.6347025550735,2023,2,المنطقة الشرقية,Eastern Province,658550
Khobar,2023Q2,Residential,1127.0,1502073427.32,3138.602669866016,17027.0,22402.245824298174,2023,2,المنطقة الشرقية,Eastern Province,658550
Khobar,2023Q3,Commercial,135.0,1873053016.49,1668.834604,3884.0,589.9142936253861,2023,3,المنطقة الشرقية,Eastern Province,658550
Khobar,2023Q3,Residential,867.0,956928630.15,3065.1266426147636,19836.0,23026.766472500403,2023,3,المنطقة الشرقية,Eastern Province,658550
Khobar,2023Q4,Commercial,,,,4037.0,602.7641552147634,2023,4,المنطقة الشرقية,Eastern Province,658550
Khobar,2023Q4,Residential,,,,21395.0,22259.687444787894,2023,4,المنطقة الشرقية,Eastern Province,658550
Khobar,2024Q1,Commercial,,,,4761.0,580.6785303572779,2024,1,المنطقة الشرقية,Eastern Province,658550
Khobar,2024Q1,Residential,,,,24649.0,21919.022359004954,2024,1,المنطقة الشرقية,Eastern Province,658550
Khobar,2024Q2,Commercial,,,,3885.0,612.2357620409267,2024,2,المنطقة الشرقية,Eastern Province,658550
Khobar,2024Q2,Residential,,,,21777.0,23364.818139536434,2024,2,المنطقة الشرقية,Eastern Province,658550
Khobar,2024Q3,Commercial,,,,4016.0,619.3927802191236,2024,3,المنطقة الشرقية,Eastern Province,658550
Khobar,2024Q3,Residential,,,,23804.0,24579.988167302512,2024,3,المنطقة الشرقية,Eastern Province,658550
Khobar,2024Q4,Commercial,,,,4974.0,616.5013411998392,2024,4,المنطقة الشرقية,Eastern Province,658550
Khobar,2024Q4,Residential,,,,26431.0,23456.69822179622,2024,4,المنطقة الشرقية,Eastern Province,658550
Madinah,2018Q1,Commercial,67.0,95794033.14,873.5327606511627,,,2018,1,منطقة المدينة المنورة,Madinah Region,1477047
Madinah,2018Q1,Residential,359.0,253030773.35999998,1365.1426384006515,,,2018,1,منطقة المدينة المنورة,Madinah Region,1477047
Madinah,2018Q2,Commercial,44.0,60214061.0,1173.655780076923,,,2018,2,منطقة المدينة المنورة,Madinah Region,1477047
Madinah,2018Q2,Residential,249.0,177439320.57,1218.225591361809,,,2018,2,منطقة المدينة المنورة,Madinah Region,1477047
Madinah,2018Q3,Commercial,50.0,96553822.0,1452.52535,,,2018,3,منطقة المدينة المنورة,Madinah Region,1477047
Madinah,2018Q3,Residential,296.0,189070506.21,1246.9427672439024,,,2018,3,منطقة المدينة المنورة,Madinah Region,1477047
Madinah,2018Q4,Commercial,67.0,114109179.93,700.7645832222222,,,2018,4,منطقة المدينة المنورة,Madinah Region,1477047
Madinah,2018Q4,Residential,451.0,413499567.08,1157.6017413386244,,,2018,4,منطقة المدينة المنورة,Madinah Region,1477047
Madinah,2019Q1,Commercial,71.0,86484082.35,925.9504642142857,24.0,416.32389595833337,2019,1,منطقة المدينة المنورة,Madinah Region,1477047
Madinah,2019Q1,Residential,505.0,306190642.71,1101.3750691224488,2804.0,17422.717248281024,2019,1,منطقة المدينة المنورة,Madinah Region,1477047
Madinah,2019Q2,Commercial,54.0,49980813.66,1083.7587245714285,68.0,474.84166973529415,2019,2,منطقة المدينة المنورة,Madinah Region,1477047
Madinah,2019Q2,Residential,420.0,267896773.86,1376.605405934605,2866.0,17094.303059940685,2019,2,منطقة المدينة المنورة,Madinah Region,1477047
Madinah,2019Q3,Commercial,65.0,157666097.01,880.5658322608696,357.0,544.683085254902,2019,3,منطقة المدينة المنورة,Madinah Region,1477047
Madinah,2019Q3,Residential,609.0,420439070.05,1454.5781221516245,4524.0,17387.006847320954,2019,3,منطقة المدينة المنورة,Madinah Region,1477047
Madinah,2019Q4,Commercial,73.0,83022415.71,797.726396137931,509.0,490.31349890569743,2019,4,منطقة المدينة المنورة,Madinah Region,1477047
Madinah,2019Q4,Residential,585.0,617496775.94,1545.3380492422482,4251.0,17000.797806527873,2019,4,منطقة المدينة المنورة,Madinah Region,1477047
Madinah,2020Q1,Commercial,80.0,62545811.150000006,1051.4819223064517,410.0,612.9469580804878,2020,1,منطقة المدينة المنورة,Madinah Region,1477047
Madinah,2020Q1,Residential,570.0,370590967.77,1422.898839131528,4090.0,16637.356442843524,2020,1,منطقة المدينة المنورة,Madinah Region,1477047
Madinah,2020Q2,Commercial,31.0,153086168.0,958.325905076923,245.0,461.09780137959183,2020,2,منطقة المدينة المنورة,Madinah Region,1477047
Madinah,2020Q2,Residential,304.0,206043618.5,1728.3862327768925,3916.0,15727.346146368742,2020,2,منطقة المدينة المنورة,Madinah Region,1477047
Madinah,2020Q3,Commercial,55.0,37518628.2,943.6235945714286,1476.0,499.06960942682923,2020,3,منطقة المدينة المنورة,Madinah Region,1477047
Madinah,2020Q3,Residential,448.0,264338269.28,1375.2066611206028,9554.0,15942.297309112413,2020,3,منطقة المدينة المنورة,Madinah Region,1477047
Madinah,2020Q4,Commercial,95.0,174075400.24,1036.5946918985508,1886.0,796.3786257518557,2020,4,منطقة المدينة المنورة,Madinah Region,1477047
Madinah,2020Q4,Residential,628.0,422358825.27,1483.374432923077,7971.0,16154.94035974658,2020,4,منطقة المدينة المنورة,Madinah Region,1477047
Madinah,2021Q1,Commercial,109.0,114482533.81,1207.031278,1675.0,711.2187158483582,2021,1,منطقة المدينة المنورة,Madinah Region,1477047
Madinah,2021Q1,Residential,731.0,537133706.62,1657.8153183343375,7485.0,15915.520233465599,2021,1,منطقة المدينة المنورة,Madinah Region,1477047
Madinah,2021Q2,Commercial,98.0,115872678.12,1145.3469144246574,755.0,679.0117116052979,2021,2,منطقة المدينة المنورة,Madinah Region,1477047
Madinah,2021Q2,Residential,477.0,498241268.42,1778.276045895122,3268.0,15939.295157111383,2021,2,منطقة المدينة المنورة,Madinah Region,1477047
Madinah,2021Q3,Commercial,69.0,143661794.54,1205.5424999791667,2492.0,612.7588496741573,2021,3,منطقة المدينة المنورة,Madinah Region,1477047
Madinah,2021Q3,Residential,424.0,335190285.39,1997.0212615776566,9002.0,16563.096398181515,2021,3,منطقة المدينة المنورة,Madinah Region,1477047
Madinah,2021Q4,Commercial,96.0,125494855.88,1119.054157483871,2919.0,870.7166217684139,2021,4,منطقة المدينة المنورة,Madinah Region,1477047
Madinah,2021Q4,Residential,497.0,365186631.49,1780.0792920295453,9564.0,16051.029253867628,2021,4,منطقة المدينة المنورة,Madinah Region,1477047
Madinah,2022Q1,Commercial,121.0,160528150.15,1330.3101662941176,4689.0,1020.3212658351462,2022,1,منطقة المدينة المنورة,Madinah Region,1477047
Madinah,2022Q1,Residential,447.0,342242876.41,1755.7325597718834,11049.0,15802.100943927053,2022,1,منطقة المدينة المنورة,Madinah Region,1477047
Madinah,2022Q2,Commercial,396.0,629310611.87,1256.4999891749271,4483.0,1646.4306297062235,2022,2,منطقة المدينة المنورة,Madinah Region,1477047
Madinah,2022Q2,Residential,2391.0,2181649111.84,1675.501176522267,10196.0,15497.80572170557,2022,2,منطقة المدينة المنورة,Madinah Region,1477047
Madinah,2022Q3,Commercial,323.0,548973769.29,1107.8257171132075,6013.0,1407.7630075394977,2022,3,منطقة المدينة المنورة,Madinah Region,1477047
Madinah,2022Q3,Residential,2044.0,2573508800.08,1795.2071114854211,25700.0,14648.286373666928,2022,3,منطقة المدينة المنورة,Madinah Region,1477047
Madinah,2022Q4,Commercial,296.0,903721086.26,1385.1653500230416,7680.0,1087.5665036204425,2022,4,منطقة المدينة المنورة,Madinah Region,1477047
Madinah,2022Q4,Residential,1873.0,1476214289.63,1664.2270097593487,23434.0,14604.734847303065,2022,4,منطقة المدينة المنورة,Madinah Region,1477047
Madinah,2023Q1,Commercial,311.0,933353831.91,1084.4162375966387,7149.0,1359.9287478524268,2023,1,منطقة المدينة المنورة,Madinah Region,1477047
Madinah,2023Q1,Residential,1939.0,1601664517.33,1788.373885842524,24267.0,14994.844284591009,2023,1,منطقة المدينة المنورة,Madinah Region,1477047
Madinah,2023Q2,Commercial,282.0,1476894794.05,1071.6759133285714,6172.0,1303.9055582188917,2023,2,منطقة المدينة المنورة,Madinah Region,1477047
Madinah,2023Q2,Residential,1523.0,1429382125.41,2030.3647390394933,24236.0,14791.086328979618,2023,2,منطقة المدينة المنورة,Madinah Region,1477047
Madinah,2023Q3,Commercial,191.0,893102116.8299999,1008.224233460177,9708.0,1534.347960626906,2023,3,منطقة المدينة المنورة,Madinah Region,1477047
Madinah,2023Q3,Residential,1188.0,905802505.96,1648.1689313630332,36301.0,14979.629420653975,2023,3,منطقة المدينة المنورة,Madinah Region,1477047
Madinah,2023Q4,Commercial,,,,7962.0,1188.2456586500878,2023,4,منطقة المدينة المنورة,Madinah Region,1477047
Madinah,2023Q4,Residential,,,,32811.0,15265.5804958008,2023,4,منطقة المدينة المنورة,Madinah Region,1477047
Madinah,2024Q1,Commercial,,,,8582.0,1158.6764131498485,2024,1,منطقة المدينة المنورة,Madinah Region,1477047
Madinah,2024Q1,Residential,,,,31002.0,16482.96947037449,2024,1,منطقة المدينة المنورة,Madinah Region,1477047
Madinah,2024Q2,Commercial,,,,7508.0,1781.5117264898777,2024,2,منطقة المدينة المنورة,Madinah Region,1477047
Madinah,2024Q2,Residential,,,,25828.0,16691.99888563226,2024,2,منطقة المدينة المنورة,Madinah Region,1477047
Madinah,2024Q3,Commercial,,,,9816.0,1653.5541537049714,2024,3,منطقة المدينة المنورة,Madinah Region,1477047
Madinah,2024Q3,Residential,,,,36290.0,16742.98182894682,2024,3,منطقة المدينة المنورة,Madinah Region,1477047
Madinah,2024Q4,Commercial,,,,8913.0,1066.9998844747001,2024,4,منطقة المدينة المنورة,Madinah Region,1477047
Madinah,2024Q4,Residential,,,,32781.0,17092.224616254538,2024,4,منطقة المدينة المنورة,Madinah Region,1477047
Makkah,2018Q1,Commercial,11.0,36399287.39,,,,2018,1,منطقة مكة المكرمة,Makkah Region,2427924
Makkah,2018Q1,Residential,253.0,940848946.7,5183.819896516432,,,2018,1,منطقة مكة المكرمة,Makkah Region,2427924
Makkah,2018Q2,Commercial,12.0,69184236.0,,,,2018,2,منطقة مكة المكرمة,Makkah Region,2427924
Makkah,2018Q2,Residential,185.0,1832905371.3300002,41476.776450028374,,,2018,2,منطقة مكة المكرمة,Makkah Region,2427924
Makkah,2018Q3,Commercial,6.0,38379829.0,,,,2018,3,منطقة مكة المكرمة,Makkah Region,2427924
Makkah,2018Q3,Residential,162.0,523485983.96,19941.01795839091,,,2018,3,منطقة مكة المكرمة,Makkah Region,2427924
Makkah,2018Q4,Commercial,17.0,179142069.0,,,,2018,4,منطقة مكة المكرمة,Makkah Region,2427924
Makkah,2018Q4,Residential,211.0,281000745.99,5926.635823449437,,,2018,4,منطقة مكة المكرمة,Makkah Region,2427924
Makkah,2019Q1,Commercial,20.0,94879611.8,3829.921259,61.0,494.7483577540984,2019,1,منطقة مكة المكرمة,Makkah Region,2427924
Makkah,2019Q1,Residential,178.0,1047057855.66,4124.915599388489,3689.0,18411.59227057739,2019,1,منطقة مكة المكرمة,Makkah Region,2427924
Makkah,2019Q2,Commercial,2.0,5400000.0,,285.0,565.7300553403508,2019,2,منطقة مكة المكرمة,Makkah Region,2427924
Makkah,2019Q2,Residential,183.0,215367570.89,3047.5902605887095,3519.0,18158.429828167093,2019,2,منطقة مكة المكرمة,Makkah Region,2427924
Makkah,2019Q3,Commercial,14.0,89140000.0,,893.0,794.2969511791714,2019,3,منطقة مكة المكرمة,Makkah Region,2427924
Makkah,2019Q3,Residential,245.0,455206937.34,4101.367516317308,5978.0,18426.336431508866,2019,3,منطقة مكة المكرمة,Makkah Region,2427924
Makkah,2019Q4,Commercial,17.0,93900530.0,,1463.0,986.6749170252906,2019,4,منطقة مكة المكرمة,Makkah Region,2427924
Makkah,2019Q4,Residential,221.0,389253626.63,3626.226982228915,5968.0,18023.733761945376,2019,4,منطقة مكة المكرمة,Makkah Region,2427924
Makkah,2020Q1,Commercial,8.0,25817211.0,,892.0,1103.6221885795965,2020,1,منطقة مكة المكرمة,Makkah Region,2427924
Makkah,2020Q1,Residential,241.0,496651227.96,5680.577881263736,5223.0,17669.93294282213,2020,1,منطقة مكة المكرمة,Makkah Region,2427924
Makkah,2020Q2,Commercial,12.0,23920688.0,,266.0,597.8341799285714,2020,2,منطقة مكة المكرمة,Makkah Region,2427924
Makkah,2020Q2,Residential,223.0,561108175.9,8804.33225242132,3760.0,16473.79368143883,2020,2,منطقة مكة المكرمة,Makkah Region,2427924
Makkah,2020Q3,Commercial,6.0,20416000.0,,1867.0,607.7113660835565,2020,3,منطقة مكة المكرمة,Makkah Region,2427924
Makkah,2020Q3,Residential,182.0,199997907.99,2751.4065741068703,11428.0,16167.622094558805,2020,3,منطقة مكة المكرمة,Makkah Region,2427924
Makkah,2020Q4,Commercial,9.0,68681780.0,,2521.0,769.410891698929,2020,4,منطقة مكة المكرمة,Makkah Region,2427924
Makkah,2020Q4,Residential,241.0,408097395.56,2825.4882949247312,9807.0,16792.910524084833,2020,4,منطقة مكة المكرمة,Makkah Region,2427924
Makkah,2021Q1,Commercial,24.0,42367011.0,1285.918538,1795.0,1429.7974777064067,2021,1,منطقة مكة المكرمة,Makkah Region,2427924
Makkah,2021Q1,Residential,434.0,566705905.99,6103.997843592689,8848.0,16285.090956040913,2021,1,منطقة مكة المكرمة,Makkah Region,2427924
Makkah,2021Q2,Commercial,11.0,15553587.0,,785.0,1935.4004182777073,2021,2,منطقة مكة المكرمة,Makkah Region,2427924
Makkah,2021Q2,Residential,497.0,394041327.29,6590.039755832968,3676.0,16219.109257615886,2021,2,منطقة مكة المكرمة,Makkah Region,2427924
Makkah,2021Q3,Commercial,22.0,47218333.33,2434.405067,2610.0,918.4188557655173,2021,3,منطقة مكة المكرمة,Makkah Region,2427924
Makkah,2021Q3,Residential,383.0,280430736.09000003,5884.77840679154,9825.0,16779.504293689566,2021,3,منطقة مكة المكرمة,Makkah Region,2427924
Makkah,2021Q4,Commercial,24.0,41718244.0,1491.995933,2743.0,1192.9968785814801,2021,4,منطقة مكة المكرمة,Makkah Region,2427924
Makkah,2021Q4,Residential,338.0,329392613.67,3261.840040562069,11046.0,16409.85883213109,2021,4,منطقة مكة المكرمة,Makkah Region,2427924
Makkah,2022Q1,Commercial,32.0,64869385.99,3545.958958333333,3646.0,1601.27050808859,2022,1,منطقة مكة المكرمة,Makkah Region,2427924
Makkah,2022Q1,Residential,223.0,191415928.35,3745.3146708594595,13728.0,15856.712451437937,2022,1,منطقة مكة المكرمة,Makkah Region,2427924
Makkah,2022Q2,Commercial,300.0,1438810201.22,1317.9883411697417,3424.0,1249.1782685867408,2022,2,منطقة مكة المكرمة,Makkah Region,2427924
Makkah,2022Q2,Residential,3071.0,3746967382.0899997,1962.5714262178117,13825.0,16111.62767711537,2022,2,منطقة مكة المكرمة,Makkah Region,2427924
Makkah,2022Q3,Commercial,209.0,421749617.77,1505.8089772941178,5786.0,1592.017981347563,2022,3,منطقة مكة المكرمة,Makkah Region,2427924
Makkah,2022Q3,Residential,3080.0,2624385452.75,2203.4711429281197,28482.0,15608.147546235376,2022,3,منطقة مكة المكرمة,Makkah Region,2427924
Makkah,2022Q4,Commercial,210.0,3064206495.43,1524.5413342150537,6276.0,1345.3561450560865,2022,4,منطقة مكة المكرمة,Makkah Region,2427924
Makkah,2022Q4,Residential,2751.0,2251272114.4500003,2232.185287172969,27427.0,15403.839574718928,2022,4,منطقة مكة المكرمة,Makkah Region,2427924
Makkah,2023Q1,Commercial,206.0,1451257299.35,2187.342344865922,6225.0,1693.4207494290763,2023,1,منطقة مكة المكرمة,Makkah Region,2427924
Makkah,2023Q1,Residential,2471.0,2282667264.56,2283.224130095019,31281.0,15576.597401156294,2023,1,منطقة مكة المكرمة,Makkah Region,2427924
Makkah,2023Q2,Commercial,188.0,464235852.79,2014.346778822785,5274.0,1284.8290889620782,2023,2,منطقة مكة المكرمة,Makkah Region,2427924
Makkah,2023Q2,Residential,2014.0,3789998532.0299997,2398.573176131345,27488.0,15125.47814522908,2023,2,منطقة مكة المكرمة,Makkah Region,2427924
Makkah,2023Q3,Commercial,122.0,588545225.86,1745.7629617979799,7960.0,2087.093926123241,2023,3,منطقة مكة المكرمة,Makkah Region,2427924
Makkah,2023Q3,Residential,1473.0,1787611884.03,2364.6675807906977,37681.0,15666.747895867147,2023,3,منطقة مكة المكرمة,Makkah Region,2427924
Makkah,2023Q4,Commercial,,,,7597.0,1403.9965362884034,2023,4,منطقة مكة المكرمة,Makkah Region,2427924
Makkah,2023Q4,Residential,,,,36328.0,15597.450594009577,2023,4,منطقة مكة المكرمة,Makkah Region,2427924
Makkah,2024Q1,Commercial,,,,8285.0,1302.303749866868,2024,1,منطقة مكة المكرمة,Makkah Region,2427924
Makkah,2024Q1,Residential,,,,37218.0,16461.649622643345,2024,1,منطقة مكة المكرمة,Makkah Region,2427924
Makkah,2024Q2,Commercial,,,,5558.0,1128.722196690536,2024,2,منطقة مكة المكرمة,Makkah Region,2427924
Makkah,2024Q2,Residential,,,,31942.0,16762.70379329754,2024,2,منطقة مكة المكرمة,Makkah Region,2427924
Makkah,2024Q3,Commercial,,,,9237.0,2171.9726700242504,2024,3,منطقة مكة المكرمة,Makkah Region,2427924
Makkah,2024Q3,Residential,,,,42742.0,16508.52667042815,2024,3,منطقة مكة المكرمة,Makkah Region,2427924
Makkah,2024Q4,Commercial,,,,8394.0,1211.1046780822014,2024,4,منطقة مكة المكرمة,Makkah Region,2427924
Makkah,2024Q4,Residential,,,,37561.0,16835.984185082933,2024,4,منطقة مكة المكرمة,Makkah Region,2427924
Najran,2019Q1,Commercial,,,,2.0,1196.969695,2019,1,منطقة نجران,Najran Region,421902
Najran,2019Q1,Residential,,,,282.0,14933.749943280143,2019,1,منطقة نجران,Najran Region,421902
Najran,2019Q2,Commercial,,,,1.0,369.23077,2019,2,منطقة نجران,Najran Region,421902
Najran,2019Q2,Residential,,,,256.0,17410.601917511718,2019,2,منطقة نجران,Najran Region,421902
Najran,2019Q3,Commercial,,,,2.0,437.5,2019,3,منطقة نجران,Najran Region,421902
Najran,2019Q3,Residential,,,,543.0,16519.035564073663,2019,3,منطقة نجران,Najran Region,421902
Najran,2019Q4,Commercial,,,,18.0,392.95972366666666,2019,4,منطقة نجران,Najran Region,421902
Najran,2019Q4,Residential,2.0,190000.0,,515.0,15137.824077648545,2019,4,منطقة نجران,Najran Region,421902
Najran,2020Q1,Commercial,,,,41.0,382.805403,2020,1,منطقة نجران,Najran Region,421902
Najran,2020Q1,Residential,1.0,650000.0,,674.0,12725.312679556378,2020,1,منطقة نجران,Najran Region,421902
Najran,2020Q2,Commercial,,,,14.0,244.43698192857144,2020,2,منطقة نجران,Najran Region,421902
Najran,2020Q2,Residential,,,,1580.0,9810.855878982278,2020,2,منطقة نجران,Najran Region,421902
Najran,2020Q3,Commercial,,,,229.0,400.30528862445414,2020,3,منطقة نجران,Najran Region,421902
Najran,2020Q3,Residential,,,,3030.0,10254.362990140595,2020,3,منطقة نجران,Najran Region,421902
Najran,2020Q4,Commercial,,,,385.0,429.2683845298701,2020,4,منطقة نجران,Najran Region,421902
Najran,2020Q4,Residential,2.0,1120000.0,,1257.0,15124.427186859986,2020,4,منطقة نجران,Najran Region,421902
Najran,2021Q1,Commercial,,,,437.0,487.9891523249428,2021,1,منطقة نجران,Najran Region,421902
Najran,2021Q1,Residential,,,,1333.0,15077.388836462114,2021,1,منطقة نجران,Najran Region,421902
Najran,2021Q2,Commercial,,,,193.0,554.3369610259067,2021,2,منطقة نجران,Najran Region,421902
Najran,2021Q2,Residential,,,,778.0,13242.016856565551,2021,2,منطقة نجران,Najran Region,421902
Najran,2021Q3,Commercial,,,,396.0,493.85340194444444,2021,3,منطقة نجران,Najran Region,421902
Najran,2021Q3,Residential,3.0,1511716.0,,1608.0,13818.774896256218,2021,3,منطقة نجران,Najran Region,421902
Najran,2021Q4,Commercial,,,,664.0,491.7820593795181,2021,4,منطقة نجران,Najran Region,421902
Najran,2021Q4,Residential,4.0,1967824.0,,2206.0,12580.85578619855,2021,4,منطقة نجران,Najran Region,421902
Najran,2022Q1,Commercial,,,,1013.0,517.8573193899309,2022,1,منطقة نجران,Najran Region,421902
Najran,2022Q1,Residential,,,,3177.0,12695.891898577274,2022,1,منطقة نجران,Najran Region,421902
Najran,2022Q2,Commercial,186.0,62828770.75,179.56835829032258,853.0,457.16214467057443,2022,2,منطقة نجران,Najran Region,421902
Najran,2022Q2,Residential,672.0,209275981.7,330.80726883333335,4273.0,11539.017731076994,2022,2,منطقة نجران,Najran Region,421902
Najran,2022Q3,Commercial,150.0,57121839.0,161.19103993333331,1101.0,487.1127919082652,2022,3,منطقة نجران,Najran Region,421902
Najran,2022Q3,Residential,637.0,192994813.5,371.65177416640506,14137.0,10354.771446770106,2022,3,منطقة نجران,Najran Region,421902
Najran,2022Q4,Commercial,156.0,102749599.0,198.8390583076923,1373.0,513.7485064675892,2022,4,منطقة نجران,Najran Region,421902
Najran,2022Q4,Residential,568.0,208932397.73999998,410.1411294726632,10070.0,10661.810158629494,2022,4,منطقة نجران,Najran Region,421902
Najran,2023Q1,Commercial,145.0,47881203.36,184.80885985517241,1503.0,471.86061173253495,2023,1,منطقة نجران,Najran Region,421902
Najran,2023Q1,Residential,614.0,227349098.3,603.7714098061889,9694.0,10642.001100321642,2023,1,منطقة نجران,Najran Region,421902
Najran,2023Q2,Commercial,124.0,75152796.03999999,223.8312165080645,944.0,482.24029796398304,2023,2,منطقة نجران,Najran Region,421902
Najran,2023Q2,Residential,485.0,173205068.04,498.7541005773196,9978.0,10583.865966584586,2023,2,منطقة نجران,Najran Region,421902
Najran,2023Q3,Commercial,106.0,42214504.97,156.99811118867925,1360.0,477.1233841014706,2023,3,منطقة نجران,Najran Region,421902
Najran,2023Q3,Residential,346.0,87746331.19,390.40488450000004,14537.0,10727.387849474857,2023,3,منطقة نجران,Najran Region,421902
Najran,2023Q4,Commercial,,,,1406.0,472.1627969068279,2023,4,منطقة نجران,Najran Region,421902
Najran,2023Q4,Residential,,,,14727.0,13071.304699198343,2023,4,منطقة نجران,Najran Region,421902
Najran,2024Q1,Commercial,,,,1588.0,459.2395496265743,2024,1,منطقة نجران,Najran Region,421902
Najran,2024Q1,Residential,,,,9528.0,15566.697864006088,2024,1,منطقة نجران,Najran Region,421902
Najran,2024Q2,Commercial,,,,1077.0,440.4152379507892,2024,2,منطقة نجران,Najran Region,421902
Najran,2024Q2,Residential,,,,9478.0,15887.724185628616,2024,2,منطقة نجران,Najran Region,421902
Najran,2024Q3,Commercial,,,,1433.0,465.41691431263087,2024,3,منطقة نجران,Najran Region,421902
Najran,2024Q3,Residential,,,,13216.0,16126.875625682354,2024,3,منطقة نجران,Najran Region,421902
Najran,2024Q4,Commercial,,,,1496.0,450.6128896978609,2024,4,منطقة نجران,Najran Region,421902
Najran,2024Q4,Residential,,,,10398.0,16383.9430496282,2024,4,منطقة نجران,Najran Region,421902
Riyadh,2018Q1,Commercial,637.0,6590402156.58,1832.6576208770832,,,2018,1,منطقة الرياض,Riyadh Region,7009120
Riyadh,2018Q1,Residential,8929.0,8632682303.76,1901.8240541099208,,,2018,1,منطقة الرياض,Riyadh Region,7009120
Riyadh,2018Q2,Commercial,508.0,3421732390.3,1786.9015143224044,,,2018,2,منطقة الرياض,Riyadh Region,7009120
Riyadh,2018Q2,Residential,8115.0,9209966091.16,1770.9658919086257,,,2018,2,منطقة الرياض,Riyadh Region,7009120
Riyadh,2018Q3,Commercial,531.0,4402588395.67,1293.7457496691,,,2018,3,منطقة الرياض,Riyadh Region,7009120
Riyadh,2018Q3,Residential,7458.0,5810925593.02,1609.5499289133484,,,2018,3,منطقة الرياض,Riyadh Region,7009120
Riyadh,2018Q4,Commercial,894.0,6933692439.43,1459.4818520898282,,,2018,4,منطقة الرياض,Riyadh Region,7009120
Riyadh,2018Q4,Residential,14501.0,10833859739.25,1456.5893472069404,,,2018,4,منطقة الرياض,Riyadh Region,7009120
Riyadh,2019Q1,Commercial,1080.0,5779997380.82,1773.1839922786178,326.0,497.9820805245398,2019,1,منطقة الرياض,Riyadh Region,7009120
Riyadh,2019Q1,Residential,18291.0,14982932254.36,1395.9921305016112,26437.0,22376.259223539964,2019,1,منطقة الرياض,Riyadh Region,7009120
Riyadh,2019Q2,Commercial,737.0,3676702386.56,1657.0503979350428,921.0,511.161845558089,2019,2,منطقة الرياض,Riyadh Region,7009120
Riyadh,2019Q2,Residential,11234.0,10338173456.78,1800.8224580172257,29134.0,22160.256915458776,2019,2,منطقة الرياض,Riyadh Region,7009120
Riyadh,2019Q3,Commercial,993.0,9628147400.65,1411.3281535646915,2317.0,469.4619314669831,2019,3,منطقة الرياض,Riyadh Region,7009120
Riyadh,2019Q3,Residential,14232.0,14188832994.18,1465.3245648179145,38677.0,22272.44642761352,2019,3,منطقة الرياض,Riyadh Region,7009120
Riyadh,2019Q4,Commercial,1048.0,7614567559.76,1756.1492539567198,3966.0,474.98412747881997,2019,4,منطقة الرياض,Riyadh Region,7009120
Riyadh,2019Q4,Residential,15997.0,21260320541.8,2019.1624480545502,42164.0,21606.270659564798,2019,4,منطقة الرياض,Riyadh Region,7009120
Riyadh,2020Q1,Commercial,1017.0,4610278002.29,1644.891385390216,3969.0,476.9497675953641,2020,1,منطقة الرياض,Riyadh Region,7009120
Riyadh,2020Q1,Residential,15893.0,13843568954.1,1906.710898868696,41509.0,21706.885130610928,2020,1,منطقة الرياض,Riyadh Region,7009120
Riyadh,2020Q2,Commercial,819.0,6535982386.65,2195.447155030612,3266.0,497.0760995511328,2020,2,منطقة الرياض,Riyadh Region,7009120
Riyadh,2020Q2,Residential,10795.0,14293185112.55,2917.4462333600873,38280.0,21516.597783545978,2020,2,منطقة الرياض,Riyadh Region,7009120
Riyadh,2020Q3,Commercial,736.0,3553791542.54,1292.9681825704465,11222.0,515.9824932991446,2020,3,منطقة الرياض,Riyadh Region,7009120
Riyadh,2020Q3,Residential,12051.0,10762670110.86,2285.144134908736,69520.0,21163.880389925664,2020,3,منطقة الرياض,Riyadh Region,7009120
Riyadh,2020Q4,Commercial,1245.0,12133942004.79,1658.147265087152,16827.0,546.7729579438997,2020,4,منطقة الرياض,Riyadh Region,7009120
Riyadh,2020Q4,Residential,18359.0,16973215415.82,2207.153728771237,79978.0,21056.39806491899,2020,4,منطقة الرياض,Riyadh Region,7009120
Riyadh,2021Q1,Commercial,1574.0,9094937875.63,1980.5139554070736,16508.0,556.9366384384541,2021,1,منطقة الرياض,Riyadh Region,7009120
Riyadh,2021Q1,Residential,21593.0,21732146819.44,2377.0868582401404,79371.0,20945.160386861044,2021,1,منطقة الرياض,Riyadh Region,7009120
Riyadh,2021Q2,Commercial,1351.0,8856623311.1,2102.7321568124485,7213.0,568.3313895854707,2021,2,منطقة الرياض,Riyadh Region,7009120
Riyadh,2021Q2,Residential,16555.0,17443445387.13,2642.1281597809116,36369.0,21345.748947242486,2021,2,منطقة الرياض,Riyadh Region,7009120
Riyadh,2021Q3,Commercial,1387.0,11442063618.01,2083.032362394541,19534.0,644.8435160078837,2021,3,منطقة الرياض,Riyadh Region,7009120
Riyadh,2021Q3,Residential,15012.0,16824491023.72,2986.688459080525,73869.0,23112.021961494887,2021,3,منطقة الرياض,Riyadh Region,7009120
Riyadh,2021Q4,Commercial,1565.0,11199650656.76,2180.997199863345,24693.0,676.81781338355,2021,4,منطقة الرياض,Riyadh Region,7009120
Riyadh,2021Q4,Residential,17077.0,19632966008.33,3007.7672208646245,92354.0,22150.33230655855,2021,4,منطقة الرياض,Riyadh Region,7009120
Riyadh,2022Q1,Commercial,1858.0,11485792233.66,2524.4317238572266,34774.0,667.9009970008053,2022,1,منطقة الرياض,Riyadh Region,7009120
Riyadh,2022Q1,Residential,17691.0,20630906231.19,3027.2040440048304,106015.0,22225.104757427827,2022,1,منطقة الرياض,Riyadh Region,7009120
Riyadh,2022Q2,Commercial,1589.0,13878655141.72,2579.0099072930793,29544.0,672.0031183495124,2022,2,منطقة الرياض,Riyadh Region,7009120
Riyadh,2022Q2,Residential,15270.0,18933630313.73,3308.442737614599,96293.0,23240.71649342507,2022,2,منطقة الرياض,Riyadh Region,7009120
Riyadh,2022Q3,Commercial,1431.0,10049402250.65,2337.1623168938545,32811.0,683.3768800576028,2022,3,منطقة الرياض,Riyadh Region,7009120
Riyadh,2022Q3,Residential,14793.0,17474687264.41,3364.353929849537,133516.0,22367.950664117565,2022,3,منطقة الرياض,Riyadh Region,7009120
Riyadh,2022Q4,Commercial,1248.0,11359654232.49,2931.4669524134706,41911.0,674.2554396259694,2022,4,منطقة الرياض,Riyadh Region,7009120
Riyadh,2022Q4,Residential,11706.0,15007449940.95,3778.3840961477354,136450.0,23347.47773807427,2022,4,منطقة الرياض,Riyadh Region,7009120
Riyadh,2023Q1,Commercial,1169.0,9393917468.46,2826.897010886203,43644.0,704.1935185342087,2023,1,منطقة الرياض,Riyadh Region,7009120
Riyadh,2023Q1,Residential,13458.0,16446264763.97,4107.189096790327,147663.0,24552.810585276333,2023,1,منطقة الرياض,Riyadh Region,7009120
Riyadh,2023Q2,Commercial,1124.0,14211035531.73,2751.7914418752666,34428.0,706.6796581210062,2023,2,منطقة الرياض,Riyadh Region,7009120
Riyadh,2023Q2,Residential,12220.0,18584220258.48,3930.938804956267,131688.0,25360.74969410415,2023,2,منطقة الرياض,Riyadh Region,7009120
Riyadh,2023Q3,Commercial,836.0,7999128725.09,2637.741567403642,42303.0,717.8658843196464,2023,3,منطقة الرياض,Riyadh Region,7009120
Riyadh,2023Q3,Residential,10082.0,12201295545.31,3920.24846348249,167295.0,25810.573007612355,2023,3,منطقة الرياض,Riyadh Region,7009120
Riyadh,2023Q4,Commercial,,,,46538.0,721.6399394504707,2023,4,منطقة الرياض,Riyadh Region,7009120
Riyadh,2023Q4,Residential,,,,178542.0,26519.95556449588,2023,4,منطقة الرياض,Riyadh Region,7009120
Riyadh,2024Q1,Commercial,,,,47101.0,750.4104471965138,2024,1,منطقة الرياض,Riyadh Region,7009120
Riyadh,2024Q1,Residential,,,,190191.0,28181.71749398724,2024,1,منطقة الرياض,Riyadh Region,7009120
Riyadh,2024Q2,Commercial,,,,38802.0,755.6187079428381,2024,2,منطقة الرياض,Riyadh Region,7009120
Riyadh,2024Q2,Residential,,,,159722.0,29833.015498701217,2024,2,منطقة الرياض,Riyadh Region,7009120
Riyadh,2024Q3,Commercial,,,,47399.0,774.8251655328593,2024,3,منطقة الرياض,Riyadh Region,7009120
Riyadh,2024Q3,Residential,,,,204944.0,30376.299894312222,2024,3,منطقة الرياض,Riyadh Region,7009120
Riyadh,2024Q4,Commercial,,,,52856.0,804.2682765366657,2024,4,منطقة الرياض,Riyadh Region,7009120
Riyadh,2024Q4,Residential,,,,213009.0,31405.08704011919,2024,4,منطقة الرياض,Riyadh Region,7009120
Sakaka,2019Q1,Commercial,,,,6.0,214.444445,2019,1,منطقة الجوف,Al Jouf Region,236669
Sakaka,2019Q1,Residential,,,,280.0,12178.463066942857,2019,1,منطقة الجوف,Al Jouf Region,236669
Sakaka,2019Q2,Commercial,,,,34.0,339.2009862941176,2019,2,منطقة الجوف,Al Jouf Region,236669
Sakaka,2019Q2,Residential,,,,295.0,14029.082808427118,2019,2,منطقة الجوف,Al Jouf Region,236669
Sakaka,2019Q3,Commercial,,,,171.0,449.99406185964915,2019,3,منطقة الجوف,Al Jouf Region,236669
Sakaka,2019Q3,Residential,1.0,266076.0,,747.0,13019.30774317403,2019,3,منطقة الجوف,Al Jouf Region,236669
Sakaka,2019Q4,Commercial,,,,384.0,451.5644446354167,2019,4,منطقة الجوف,Al Jouf Region,236669
Sakaka,2019Q4,Residential,,,,798.0,12361.07756954386,2019,4,منطقة الجوف,Al Jouf Region,236669
Sakaka,2020Q1,Commercial,,,,204.0,375.4102295882353,2020,1,منطقة الجوف,Al Jouf Region,236669
Sakaka,2020Q1,Residential,,,,813.0,12653.701230434195,2020,1,منطقة الجوف,Al Jouf Region,236669
Sakaka,2020Q2,Commercial,,,,142.0,426.3674994366197,2020,2,منطقة الجوف,Al Jouf Region,236669
Sakaka,2020Q2,Residential,,,,812.0,11986.802924977834,2020,2,منطقة الجوف,Al Jouf Region,236669
Sakaka,2020Q3,Commercial,,,,264.0,436.8353187386364,2020,3,منطقة الجوف,Al Jouf Region,236669
Sakaka,2020Q3,Residential,1.0,500000.0,,1552.0,11723.51183452384,2020,3,منطقة الجوف,Al Jouf Region,236669
Sakaka,2020Q4,Commercial,,,,397.0,386.5436627002519,2020,4,منطقة الجوف,Al Jouf Region,236669
Sakaka,2020Q4,Residential,,,,1279.0,11762.318700631744,2020,4,منطقة الجوف,Al Jouf Region,236669
Sakaka,2021Q1,Commercial,,,,354.0,400.15898344067796,2021,1,منطقة الجوف,Al Jouf Region,236669
Sakaka,2021Q1,Residential,,,,1015.0,12085.271326940885,2021,1,منطقة الجوف,Al Jouf Region,236669
Sakaka,2021Q2,Commercial,,,,179.0,346.4121016256983,2021,2,منطقة الجوف,Al Jouf Region,236669
Sakaka,2021Q2,Residential,3.0,150000.0,,496.0,12078.3301861875,2021,2,منطقة الجوف,Al Jouf Region,236669
Sakaka,2021Q3,Commercial,,,,391.0,428.46386052429665,2021,3,منطقة الجوف,Al Jouf Region,236669
Sakaka,2021Q3,Residential,,,,1143.0,12592.648128768154,2021,3,منطقة الجوف,Al Jouf Region,236669
Sakaka,2021Q4,Commercial,,,,496.0,422.09493244556455,2021,4,منطقة الجوف,Al Jouf Region,236669
Sakaka,2021Q4,Residential,,,,1398.0,12362.946491056508,2021,4,منطقة الجوف,Al Jouf Region,236669
Sakaka,2022Q1,Commercial,,,,677.0,412.890343409158,2022,1,منطقة الجوف,Al Jouf Region,236669
Sakaka,2022Q1,Residential,2.0,323883.0,,1633.0,12112.657634099814,2022,1,منطقة الجوف,Al Jouf Region,236669
Sakaka,2022Q2,Commercial,154.0,45965197.36,127.71979635714285,665.0,378.4593455909775,2022,2,منطقة الجوف,Al Jouf Region,236669
Sakaka,2022Q2,Residential,565.0,167527232.44,168.546098,1545.0,12104.656157,2022,2,منطقة الجوف,Al Jouf Region,236669
Sakaka,2022Q3,Commercial,177.0,34832349.56,158.27835401694915,684.0,415.44290923245615,2022,3,منطقة الجوف,Al Jouf Region,236669
Sakaka,2022Q3,Residential,533.0,142268449.13,195.8896765140713,4059.0,11054.917944661,2022,3,منطقة الجوف,Al Jouf Region,236669
Sakaka,2022Q4,Commercial,116.0,24845572.61,140.02361655172416,772.0,407.6814163186528,2022,4,منطقة الجوف,Al Jouf Region,236669
Sakaka,2022Q4,Residential,450.0,133200338.09,228.67317642410714,3240.0,11245.110943433334,2022,4,منطقة الجوف,Al Jouf Region,236669
Sakaka,2023Q1,Commercial,90.0,20789969.0,137.09744619999998,847.0,421.8558650991736,2023,1,منطقة الجوف,Al Jouf Region,236669
Sakaka,2023Q1,Residential,392.0,116133137.61,297.7615963505155,3268.0,11397.265191794062,2023,1,منطقة الجوف,Al Jouf Region,236669
Sakaka,2023Q2,Commercial,58.0,16652138.6,157.8445308275862,708.0,397.50021532768363,2023,2,منطقة الجوف,Al Jouf Region,236669
Sakaka,2023Q2,Residential,257.0,79800905.56,289.0103705447471,3022.0,10886.849842121443,2023,2,منطقة الجوف,Al Jouf Region,236669
Sakaka,2023Q3,Commercial,67.0,22800712.42,165.00414876119402,1018.0,386.78009263850686,2023,3,منطقة الجوف,Al Jouf Region,236669
Sakaka,2023Q3,Residential,204.0,54876071.93,209.959303,4853.0,11085.925869683082,2023,3,منطقة الجوف,Al Jouf Region,236669
Sakaka,2023Q4,Commercial,,,,1005.0,395.5245392776119,2023,4,منطقة الجوف,Al Jouf Region,236669
Sakaka,2023Q4,Residential,,,,5365.0,11802.284046761602,2023,4,منطقة الجوف,Al Jouf Region,236669
Sakaka,2024Q1,Commercial,,,,1066.0,412.5206379718574,2024,1,منطقة الجوف,Al Jouf Region,236669
Sakaka,2024Q1,Residential,,,,4785.0,12823.439234792058,2024,1,منطقة الجوف,Al Jouf Region,236669
Sakaka,2024Q2,Commercial,,,,841.0,404.7021001783591,2024,2,منطقة الجوف,Al Jouf Region,236669
Sakaka,2024Q2,Residential,,,,4051.0,13221.304681324857,2024,2,منطقة الجوف,Al Jouf Region,236669
Sakaka,2024Q3,Commercial,,,,853.0,401.74524749941384,2024,3,منطقة الجوف,Al Jouf Region,236669
Sakaka,2024Q3,Residential,,,,5677.0,13325.923789041748,2024,3,منطقة الجوف,Al Jouf Region,236669
Sakaka,2024Q4,Commercial,,,,935.0,391.34968210160423,2024,4,منطقة الجوف,Al Jouf Region,236669
Sakaka,2024Q4,Residential,,,,4613.0,13120.205880857577,2024,4,منطقة الجوف,Al Jouf Region,236669
Tabuk,2018Q1,Commercial,361.0,127508218.17,310.7447752037037,,,2018,1,منطقة تبوك,Tabuk Region,623665
Tabuk,2018Q1,Residential,361.0,120823139.04,529.2648657052239,,,2018,1,منطقة تبوك,Tabuk Region,623665
Tabuk,2018Q2,Commercial,345.0,354401572.65999997,340.62828597826086,,,2018,2,منطقة تبوك,Tabuk Region,623665
Tabuk,2018Q2,Residential,335.0,93995383.73,399.1830319924242,,,2018,2,منطقة تبوك,Tabuk Region,623665
Tabuk,2018Q3,Commercial,316.0,128804653.53999999,382.54331941296925,,,2018,3,منطقة تبوك,Tabuk Region,623665
Tabuk,2018Q3,Residential,330.0,99851586.97,382.348425133574,,,2018,3,منطقة تبوك,Tabuk Region,623665
Tabuk,2018Q4,Commercial,574.0,204763825.7,359.042874532967,,,2018,4,منطقة تبوك,Tabuk Region,623665
Tabuk,2018Q4,Residential,635.0,167495516.16,360.7092857631579,,,2018,4,منطقة تبوك,Tabuk Region,623665
Tabuk,2019Q1,Commercial,797.0,446081081.58,426.2552449284802,24.0,591.4736220000001,2019,1,منطقة تبوك,Tabuk Region,623665
Tabuk,2019Q1,Residential,826.0,226368675.08,427.78128308661417,1204.0,16485.561280537375,2019,1,منطقة تبوك,Tabuk Region,623665
Tabuk,2019Q2,Commercial,500.0,231418960.84,487.72543285239084,50.0,578.1157950400001,2019,2,منطقة تبوك,Tabuk Region,623665
Tabuk,2019Q2,Residential,577.0,209879690.08,668.2188961198347,1155.0,17213.14564242511,2019,2,منطقة تبوك,Tabuk Region,623665
Tabuk,2019Q3,Commercial,503.0,255947188.98000002,552.1011273859275,68.0,507.29483736764706,2019,3,منطقة تبوك,Tabuk Region,623665
Tabuk,2019Q3,Residential,663.0,239444066.64,584.7739050337838,1472.0,16893.927602654214,2019,3,منطقة تبوك,Tabuk Region,623665
Tabuk,2019Q4,Commercial,122.0,83776508.47,1059.6269712222222,171.0,513.1949421754385,2019,4,منطقة تبوك,Tabuk Region,623665
Tabuk,2019Q4,Residential,111.0,49605339.32,567.067882289855,2182.0,16469.780666271312,2019,4,منطقة تبوك,Tabuk Region,623665
Tabuk,2020Q1,Commercial,651.0,456398168.41,723.4264116168521,236.0,557.9287033220339,2020,1,منطقة تبوك,Tabuk Region,623665
Tabuk,2020Q1,Residential,945.0,351086893.54,551.8945084172414,1881.0,15303.891236076553,2020,1,منطقة تبوك,Tabuk Region,623665
Tabuk,2020Q2,Commercial,301.0,248560804.65,1322.8105074912892,109.0,515.136679266055,2020,2,منطقة تبوك,Tabuk Region,623665
Tabuk,2020Q2,Residential,347.0,224353538.04,1378.882332774744,2472.0,14780.258581181228,2020,2,منطقة تبوك,Tabuk Region,623665
Tabuk,2020Q3,Commercial,463.0,257411356.41,727.567881925508,554.0,509.84915657400717,2020,3,منطقة تبوك,Tabuk Region,623665
Tabuk,2020Q3,Residential,764.0,350780270.3,945.6234952367647,4637.0,13987.09994518956,2020,3,منطقة تبوك,Tabuk Region,623665
Tabuk,2020Q4,Commercial,620.0,3625107120.42,8399.580716239865,1001.0,527.9645194015983,2020,4,منطقة تبوك,Tabuk Region,623665
Tabuk,2020Q4,Residential,926.0,2819408264.07,5203.31834359905,3949.0,14844.640570702964,2020,4,منطقة تبوك,Tabuk Region,623665
Tabuk,2021Q1,Commercial,708.0,349479845.94,537.2630290000001,1069.0,524.2718232366699,2021,1,منطقة تبوك,Tabuk Region,623665
Tabuk,2021Q1,Residential,1323.0,585953066.4399999,921.3939435872757,3349.0,14807.736800042103,2021,1,منطقة تبوك,Tabuk Region,623665
Tabuk,2021Q2,Commercial,311.0,155224918.27,607.9502477024221,421.0,524.9232703491687,2021,2,منطقة تبوك,Tabuk Region,623665
Tabuk,2021Q2,Residential,597.0,326028530.99,1579.3399050413386,1962.0,14757.06407966106,2021,2,منطقة تبوك,Tabuk Region,623665
Tabuk,2021Q3,Commercial,197.0,136449779.42000002,798.1072405028901,1118.0,573.899511078712,2021,3,منطقة تبوك,Tabuk Region,623665
Tabuk,2021Q3,Residential,483.0,293319790.03,1712.7186473094062,3262.0,14877.249693240954,2021,3,منطقة تبوك,Tabuk Region,623665
Tabuk,2021Q4,Commercial,369.0,188773346.78,689.8100210321638,1589.0,555.9148987035871,2021,4,منطقة تبوك,Tabuk Region,623665
Tabuk,2021Q4,Residential,754.0,435970313.55,1564.0935128141994,4320.0,14362.110790628472,2021,4,منطقة تبوك,Tabuk Region,623665
Tabuk,2022Q1,Commercial,343.0,210106847.23,699.8732881353845,2053.0,564.9117626122749,2022,1,منطقة تبوك,Tabuk Region,623665
Tabuk,2022Q1,Residential,708.0,399874848.7,1635.968095697785,5237.0,14461.182185216725,2022,1,منطقة تبوك,Tabuk Region,623665
Tabuk,2022Q2,Commercial,344.0,195183650.25,652.6636822360656,1742.0,586.5382726050517,2022,2,منطقة تبوك,Tabuk Region,623665
Tabuk,2022Q2,Residential,957.0,493165149.47,1600.9940841176472,5581.0,14424.694020486653,2022,2,منطقة تبوك,Tabuk Region,623665
Tabuk,2022Q3,Commercial,311.0,242880695.71,720.030682043307,1830.0,562.3288079737705,2022,3,منطقة تبوك,Tabuk Region,623665
Tabuk,2022Q3,Residential,942.0,536528961.69,1835.079209473105,13088.0,12615.796588402505,2022,3,منطقة تبوك,Tabuk Region,623665
Tabuk,2022Q4,Commercial,310.0,253569492.09,634.6339341466165,2090.0,545.7626713755981,2022,4,منطقة تبوك,Tabuk Region,623665
Tabuk,2022Q4,Residential,916.0,528185438.08,1766.2918152958657,12287.0,12275.276052351997,2022,4,منطقة تبوك,Tabuk Region,623665
Tabuk,2023Q1,Commercial,310.0,243239696.32999998,704.4335142093023,2197.0,565.2424867569413,2023,1,منطقة تبوك,Tabuk Region,623665
Tabuk,2023Q1,Residential,935.0,541405659.91,1883.1976277671754,12573.0,12481.622857876082,2023,1,منطقة تبوك,Tabuk Region,623665
Tabuk,2023Q2,Commercial,238.0,162359485.15,619.558485046875,1899.0,582.8971389889415,2023,2,منطقة تبوك,Tabuk Region,623665
Tabuk,2023Q2,Residential,800.0,462740513.48,1874.7300343240738,11543.0,12577.334818198737,2023,2,منطقة تبوك,Tabuk Region,623665
Tabuk,2023Q3,Commercial,154.0,104121643.21000001,653.4600363333334,2504.0,624.9263847376199,2023,3,منطقة تبوك,Tabuk Region,623665
Tabuk,2023Q3,Residential,570.0,326744135.79,1764.277503443936,15965.0,12724.548407652928,2023,3,منطقة تبوك,Tabuk Region,623665
Tabuk,2023Q4,Commercial,,,,3253.0,574.2544691238857,2023,4,منطقة تبوك,Tabuk Region,623665
Tabuk,2023Q4,Residential,,,,17727.0,13682.446575799006,2023,4,منطقة تبوك,Tabuk Region,623665
Tabuk,2024Q1,Commercial,,,,2924.0,575.0785317732558,2024,1,منطقة تبوك,Tabuk Region,623665
Tabuk,2024Q1,Residential,,,,14137.0,15294.478397548844,2024,1,منطقة تبوك,Tabuk Region,623665
Tabuk,2024Q2,Commercial,,,,2156.0,562.1198326799629,2024,2,منطقة تبوك,Tabuk Region,623665
Tabuk,2024Q2,Residential,,,,12674.0,15483.692021322155,2024,2,منطقة تبوك,Tabuk Region,623665
Tabuk,2024Q3,Commercial,,,,2601.0,576.7933827843136,2024,3,منطقة تبوك,Tabuk Region,623665
Tabuk,2024Q3,Residential,,,,17534.0,15816.781814276377,2024,3,منطقة تبوك,Tabuk Region,623665
Tabuk,2024Q4,Commercial,,,,3394.0,587.8977475521509,2024,4,منطقة تبوك,Tabuk Region,623665
Tabuk,2024Q4,Residential,,,,15288.0,16113.10208923378,2024,4,منطقة تبوك,Tabuk Region,623665
